==374== Memcheck, a memory error detector
==374== Copyright (C) 2002-2022, and GNU GPL'd, by Julian Seward et al.
==374== Using Valgrind-3.21.0 and LibVEX; rerun with -h for copyright info
==374== Command: /root/orbslam3/SLAM_CARV/Examples/ROS/ORB_CARV_Pub/Mono Vocabulary/ORBvoc.txt config_files/Logitech_c270_HD720p.yaml 192.168.1.133 8080 192.168.1.133 5555 camera/image_raw
==374== Parent PID: 373
==374== 
==374== Conditional jump or move depends on uninitialised value(s)
==374==    at 0x142506: ImageGrabber::GrabImage(boost::shared_ptr<sensor_msgs::Image_<std::allocator<void> > const> const&) (ros_mono.cc:134)
==374==    by 0x17D061: operator() (function_template.hpp:763)
==374==    by 0x17D061: boost::detail::function::void_function_obj_invoker1<boost::function<void (boost::shared_ptr<sensor_msgs::Image_<std::allocator<void> > const> const&)>, void, boost::shared_ptr<sensor_msgs::Image_<std::allocator<void> > const> >::invoke(boost::detail::function::function_buffer&, boost::shared_ptr<sensor_msgs::Image_<std::allocator<void> > const>) (function_template.hpp:158)
==374==    by 0x19595C: operator() (function_template.hpp:763)
==374==    by 0x19595C: ros::SubscriptionCallbackHelperT<boost::shared_ptr<sensor_msgs::Image_<std::allocator<void> > const> const&, void>::call(ros::SubscriptionCallbackHelperCallParams&) (subscription_callback_helper.h:144)
==374==    by 0x49A7548: ros::SubscriptionQueue::call() (in /opt/ros/noetic/lib/libroscpp.so)
==374==    by 0x4955301: ros::CallbackQueue::callOneCB(ros::CallbackQueue::TLS*) (in /opt/ros/noetic/lib/libroscpp.so)
==374==    by 0x4956D72: ros::CallbackQueue::callAvailable(ros::WallDuration) (in /opt/ros/noetic/lib/libroscpp.so)
==374==    by 0x49AA43E: ros::SingleThreadedSpinner::spin(ros::CallbackQueue*) (in /opt/ros/noetic/lib/libroscpp.so)
==374==    by 0x499260E: ros::spin() (in /opt/ros/noetic/lib/libroscpp.so)
==374==    by 0x13C22D: main (ros_mono.cc:101)
==374==  Uninitialised value was created by a heap allocation
==374==    at 0x483CFA3: operator new(unsigned long) (vg_replace_malloc.c:472)
==374==    by 0x4DBBADF: ORB_SLAM2::System::System(std::__cxx11::basic_string<char, std::char_traits<char>, std::allocator<char> > const&, std::__cxx11::basic_string<char, std::char_traits<char>, std::allocator<char> > const&, ORB_SLAM2::System::eSensor, bool) (System.cc:87)
==374==    by 0x13C004: main (ros_mono.cc:90)
==374== 
==374== Conditional jump or move depends on uninitialised value(s)
==374==    at 0x4E8525E: ORB_SLAM2::KeyFrameDatabase::DetectRelocalizationCandidates(ORB_SLAM2::Frame*) (KeyFrameDatabase.cc:297)
==374==    by 0x4DCC567: ORB_SLAM2::Tracking::Relocalization() (Tracking.cc:1377)
==374==    by 0x4DCE529: ORB_SLAM2::Tracking::Track() (Tracking.cc:358)
==374==    by 0x4DD06DC: ORB_SLAM2::Tracking::GrabImageMonocular(cv::Mat const&, double const&) (Tracking.cc:284)
==374==    by 0x4DB8881: ORB_SLAM2::System::TrackMonocular(cv::Mat const&, double const&) (System.cc:283)
==374==    by 0x142479: ImageGrabber::GrabImage(boost::shared_ptr<sensor_msgs::Image_<std::allocator<void> > const> const&) (ros_mono.cc:132)
==374==    by 0x17D061: operator() (function_template.hpp:763)
==374==    by 0x17D061: boost::detail::function::void_function_obj_invoker1<boost::function<void (boost::shared_ptr<sensor_msgs::Image_<std::allocator<void> > const> const&)>, void, boost::shared_ptr<sensor_msgs::Image_<std::allocator<void> > const> >::invoke(boost::detail::function::function_buffer&, boost::shared_ptr<sensor_msgs::Image_<std::allocator<void> > const>) (function_template.hpp:158)
==374==    by 0x19595C: operator() (function_template.hpp:763)
==374==    by 0x19595C: ros::SubscriptionCallbackHelperT<boost::shared_ptr<sensor_msgs::Image_<std::allocator<void> > const> const&, void>::call(ros::SubscriptionCallbackHelperCallParams&) (subscription_callback_helper.h:144)
==374==    by 0x49A7548: ros::SubscriptionQueue::call() (in /opt/ros/noetic/lib/libroscpp.so)
==374==    by 0x4955301: ros::CallbackQueue::callOneCB(ros::CallbackQueue::TLS*) (in /opt/ros/noetic/lib/libroscpp.so)
==374==    by 0x4956D72: ros::CallbackQueue::callAvailable(ros::WallDuration) (in /opt/ros/noetic/lib/libroscpp.so)
==374==    by 0x49AA43E: ros::SingleThreadedSpinner::spin(ros::CallbackQueue*) (in /opt/ros/noetic/lib/libroscpp.so)
==374==    by 0x499260E: ros::spin() (in /opt/ros/noetic/lib/libroscpp.so)
==374==    by 0x13C22D: main (ros_mono.cc:101)
==374==  Uninitialised value was created by a heap allocation
==374==    at 0x483CFA3: operator new(unsigned long) (vg_replace_malloc.c:472)
==374==    by 0x4DCD249: ORB_SLAM2::Tracking::CreateNewKeyFrame() (Tracking.cc:1097)
==374==    by 0x4DCF747: ORB_SLAM2::Tracking::Track() (Tracking.cc:487)
==374==    by 0x4DD06DC: ORB_SLAM2::Tracking::GrabImageMonocular(cv::Mat const&, double const&) (Tracking.cc:284)
==374==    by 0x4DB8881: ORB_SLAM2::System::TrackMonocular(cv::Mat const&, double const&) (System.cc:283)
==374==    by 0x142479: ImageGrabber::GrabImage(boost::shared_ptr<sensor_msgs::Image_<std::allocator<void> > const> const&) (ros_mono.cc:132)
==374==    by 0x17D061: operator() (function_template.hpp:763)
==374==    by 0x17D061: boost::detail::function::void_function_obj_invoker1<boost::function<void (boost::shared_ptr<sensor_msgs::Image_<std::allocator<void> > const> const&)>, void, boost::shared_ptr<sensor_msgs::Image_<std::allocator<void> > const> >::invoke(boost::detail::function::function_buffer&, boost::shared_ptr<sensor_msgs::Image_<std::allocator<void> > const>) (function_template.hpp:158)
==374==    by 0x19595C: operator() (function_template.hpp:763)
==374==    by 0x19595C: ros::SubscriptionCallbackHelperT<boost::shared_ptr<sensor_msgs::Image_<std::allocator<void> > const> const&, void>::call(ros::SubscriptionCallbackHelperCallParams&) (subscription_callback_helper.h:144)
==374==    by 0x49A7548: ros::SubscriptionQueue::call() (in /opt/ros/noetic/lib/libroscpp.so)
==374==    by 0x4955301: ros::CallbackQueue::callOneCB(ros::CallbackQueue::TLS*) (in /opt/ros/noetic/lib/libroscpp.so)
==374==    by 0x4956D72: ros::CallbackQueue::callAvailable(ros::WallDuration) (in /opt/ros/noetic/lib/libroscpp.so)
==374==    by 0x49AA43E: ros::SingleThreadedSpinner::spin(ros::CallbackQueue*) (in /opt/ros/noetic/lib/libroscpp.so)
==374==    by 0x499260E: ros::spin() (in /opt/ros/noetic/lib/libroscpp.so)
==374==    by 0x13C22D: main (ros_mono.cc:101)
==374== 
==374== Use of uninitialised value of size 8
==374==    at 0x4A43FC4: pthread_mutex_lock (pthread_mutex_lock.c:67)
==374==    by 0x4E1472B: __gthread_mutex_lock (gthr-default.h:749)
==374==    by 0x4E1472B: lock (std_mutex.h:100)
==374==    by 0x4E1472B: lock (unique_lock.h:141)
==374==    by 0x4E1472B: unique_lock (unique_lock.h:71)
==374==    by 0x4E1472B: ORB_SLAM2::KeyFrame::isBad() (KeyFrame.cc:549)
==374==    by 0x4DCC6C8: ORB_SLAM2::Tracking::Relocalization() (Tracking.cc:1402)
==374==    by 0x4DCE529: ORB_SLAM2::Tracking::Track() (Tracking.cc:358)
==374==    by 0x4DD06DC: ORB_SLAM2::Tracking::GrabImageMonocular(cv::Mat const&, double const&) (Tracking.cc:284)
==374==    by 0x4DB8881: ORB_SLAM2::System::TrackMonocular(cv::Mat const&, double const&) (System.cc:283)
==374==    by 0x142479: ImageGrabber::GrabImage(boost::shared_ptr<sensor_msgs::Image_<std::allocator<void> > const> const&) (ros_mono.cc:132)
==374==    by 0x17D061: operator() (function_template.hpp:763)
==374==    by 0x17D061: boost::detail::function::void_function_obj_invoker1<boost::function<void (boost::shared_ptr<sensor_msgs::Image_<std::allocator<void> > const> const&)>, void, boost::shared_ptr<sensor_msgs::Image_<std::allocator<void> > const> >::invoke(boost::detail::function::function_buffer&, boost::shared_ptr<sensor_msgs::Image_<std::allocator<void> > const>) (function_template.hpp:158)
==374==    by 0x19595C: operator() (function_template.hpp:763)
==374==    by 0x19595C: ros::SubscriptionCallbackHelperT<boost::shared_ptr<sensor_msgs::Image_<std::allocator<void> > const> const&, void>::call(ros::SubscriptionCallbackHelperCallParams&) (subscription_callback_helper.h:144)
==374==    by 0x49A7548: ros::SubscriptionQueue::call() (in /opt/ros/noetic/lib/libroscpp.so)
==374==    by 0x4955301: ros::CallbackQueue::callOneCB(ros::CallbackQueue::TLS*) (in /opt/ros/noetic/lib/libroscpp.so)
==374==    by 0x4956D72: ros::CallbackQueue::callAvailable(ros::WallDuration) (in /opt/ros/noetic/lib/libroscpp.so)
==374==    by 0x49AA43E: ros::SingleThreadedSpinner::spin(ros::CallbackQueue*) (in /opt/ros/noetic/lib/libroscpp.so)
==374==    by 0x499260E: ros::spin() (in /opt/ros/noetic/lib/libroscpp.so)
==374==    by 0x13C22D: main (ros_mono.cc:101)
==374==  Uninitialised value was created by a heap allocation
==374==    at 0x483CFA3: operator new(unsigned long) (vg_replace_malloc.c:472)
==374==    by 0x4DCD249: ORB_SLAM2::Tracking::CreateNewKeyFrame() (Tracking.cc:1097)
==374==    by 0x4DCF747: ORB_SLAM2::Tracking::Track() (Tracking.cc:487)
==374==    by 0x4DD06DC: ORB_SLAM2::Tracking::GrabImageMonocular(cv::Mat const&, double const&) (Tracking.cc:284)
==374==    by 0x4DB8881: ORB_SLAM2::System::TrackMonocular(cv::Mat const&, double const&) (System.cc:283)
==374==    by 0x142479: ImageGrabber::GrabImage(boost::shared_ptr<sensor_msgs::Image_<std::allocator<void> > const> const&) (ros_mono.cc:132)
==374==    by 0x17D061: operator() (function_template.hpp:763)
==374==    by 0x17D061: boost::detail::function::void_function_obj_invoker1<boost::function<void (boost::shared_ptr<sensor_msgs::Image_<std::allocator<void> > const> const&)>, void, boost::shared_ptr<sensor_msgs::Image_<std::allocator<void> > const> >::invoke(boost::detail::function::function_buffer&, boost::shared_ptr<sensor_msgs::Image_<std::allocator<void> > const>) (function_template.hpp:158)
==374==    by 0x19595C: operator() (function_template.hpp:763)
==374==    by 0x19595C: ros::SubscriptionCallbackHelperT<boost::shared_ptr<sensor_msgs::Image_<std::allocator<void> > const> const&, void>::call(ros::SubscriptionCallbackHelperCallParams&) (subscription_callback_helper.h:144)
==374==    by 0x49A7548: ros::SubscriptionQueue::call() (in /opt/ros/noetic/lib/libroscpp.so)
==374==    by 0x4955301: ros::CallbackQueue::callOneCB(ros::CallbackQueue::TLS*) (in /opt/ros/noetic/lib/libroscpp.so)
==374==    by 0x4956D72: ros::CallbackQueue::callAvailable(ros::WallDuration) (in /opt/ros/noetic/lib/libroscpp.so)
==374==    by 0x49AA43E: ros::SingleThreadedSpinner::spin(ros::CallbackQueue*) (in /opt/ros/noetic/lib/libroscpp.so)
==374==    by 0x499260E: ros::spin() (in /opt/ros/noetic/lib/libroscpp.so)
==374==    by 0x13C22D: main (ros_mono.cc:101)
==374== 
==374== Use of uninitialised value of size 8
==374==    at 0x4A43FEF: pthread_mutex_lock (pthread_mutex_lock.c:80)
==374==    by 0x4E1472B: __gthread_mutex_lock (gthr-default.h:749)
==374==    by 0x4E1472B: lock (std_mutex.h:100)
==374==    by 0x4E1472B: lock (unique_lock.h:141)
==374==    by 0x4E1472B: unique_lock (unique_lock.h:71)
==374==    by 0x4E1472B: ORB_SLAM2::KeyFrame::isBad() (KeyFrame.cc:549)
==374==    by 0x4DCC6C8: ORB_SLAM2::Tracking::Relocalization() (Tracking.cc:1402)
==374==    by 0x4DCE529: ORB_SLAM2::Tracking::Track() (Tracking.cc:358)
==374==    by 0x4DD06DC: ORB_SLAM2::Tracking::GrabImageMonocular(cv::Mat const&, double const&) (Tracking.cc:284)
==374==    by 0x4DB8881: ORB_SLAM2::System::TrackMonocular(cv::Mat const&, double const&) (System.cc:283)
==374==    by 0x142479: ImageGrabber::GrabImage(boost::shared_ptr<sensor_msgs::Image_<std::allocator<void> > const> const&) (ros_mono.cc:132)
==374==    by 0x17D061: operator() (function_template.hpp:763)
==374==    by 0x17D061: boost::detail::function::void_function_obj_invoker1<boost::function<void (boost::shared_ptr<sensor_msgs::Image_<std::allocator<void> > const> const&)>, void, boost::shared_ptr<sensor_msgs::Image_<std::allocator<void> > const> >::invoke(boost::detail::function::function_buffer&, boost::shared_ptr<sensor_msgs::Image_<std::allocator<void> > const>) (function_template.hpp:158)
==374==    by 0x19595C: operator() (function_template.hpp:763)
==374==    by 0x19595C: ros::SubscriptionCallbackHelperT<boost::shared_ptr<sensor_msgs::Image_<std::allocator<void> > const> const&, void>::call(ros::SubscriptionCallbackHelperCallParams&) (subscription_callback_helper.h:144)
==374==    by 0x49A7548: ros::SubscriptionQueue::call() (in /opt/ros/noetic/lib/libroscpp.so)
==374==    by 0x4955301: ros::CallbackQueue::callOneCB(ros::CallbackQueue::TLS*) (in /opt/ros/noetic/lib/libroscpp.so)
==374==    by 0x4956D72: ros::CallbackQueue::callAvailable(ros::WallDuration) (in /opt/ros/noetic/lib/libroscpp.so)
==374==    by 0x49AA43E: ros::SingleThreadedSpinner::spin(ros::CallbackQueue*) (in /opt/ros/noetic/lib/libroscpp.so)
==374==    by 0x499260E: ros::spin() (in /opt/ros/noetic/lib/libroscpp.so)
==374==    by 0x13C22D: main (ros_mono.cc:101)
==374==  Uninitialised value was created by a heap allocation
==374==    at 0x483CFA3: operator new(unsigned long) (vg_replace_malloc.c:472)
==374==    by 0x4DCD249: ORB_SLAM2::Tracking::CreateNewKeyFrame() (Tracking.cc:1097)
==374==    by 0x4DCF747: ORB_SLAM2::Tracking::Track() (Tracking.cc:487)
==374==    by 0x4DD06DC: ORB_SLAM2::Tracking::GrabImageMonocular(cv::Mat const&, double const&) (Tracking.cc:284)
==374==    by 0x4DB8881: ORB_SLAM2::System::TrackMonocular(cv::Mat const&, double const&) (System.cc:283)
==374==    by 0x142479: ImageGrabber::GrabImage(boost::shared_ptr<sensor_msgs::Image_<std::allocator<void> > const> const&) (ros_mono.cc:132)
==374==    by 0x17D061: operator() (function_template.hpp:763)
==374==    by 0x17D061: boost::detail::function::void_function_obj_invoker1<boost::function<void (boost::shared_ptr<sensor_msgs::Image_<std::allocator<void> > const> const&)>, void, boost::shared_ptr<sensor_msgs::Image_<std::allocator<void> > const> >::invoke(boost::detail::function::function_buffer&, boost::shared_ptr<sensor_msgs::Image_<std::allocator<void> > const>) (function_template.hpp:158)
==374==    by 0x19595C: operator() (function_template.hpp:763)
==374==    by 0x19595C: ros::SubscriptionCallbackHelperT<boost::shared_ptr<sensor_msgs::Image_<std::allocator<void> > const> const&, void>::call(ros::SubscriptionCallbackHelperCallParams&) (subscription_callback_helper.h:144)
==374==    by 0x49A7548: ros::SubscriptionQueue::call() (in /opt/ros/noetic/lib/libroscpp.so)
==374==    by 0x4955301: ros::CallbackQueue::callOneCB(ros::CallbackQueue::TLS*) (in /opt/ros/noetic/lib/libroscpp.so)
==374==    by 0x4956D72: ros::CallbackQueue::callAvailable(ros::WallDuration) (in /opt/ros/noetic/lib/libroscpp.so)
==374==    by 0x49AA43E: ros::SingleThreadedSpinner::spin(ros::CallbackQueue*) (in /opt/ros/noetic/lib/libroscpp.so)
==374==    by 0x499260E: ros::spin() (in /opt/ros/noetic/lib/libroscpp.so)
==374==    by 0x13C22D: main (ros_mono.cc:101)
==374== 
==374== Use of uninitialised value of size 8
==374==    at 0x4A43FF9: pthread_mutex_lock (pthread_mutex_lock.c:81)
==374==    by 0x4E1472B: __gthread_mutex_lock (gthr-default.h:749)
==374==    by 0x4E1472B: lock (std_mutex.h:100)
==374==    by 0x4E1472B: lock (unique_lock.h:141)
==374==    by 0x4E1472B: unique_lock (unique_lock.h:71)
==374==    by 0x4E1472B: ORB_SLAM2::KeyFrame::isBad() (KeyFrame.cc:549)
==374==    by 0x4DCC6C8: ORB_SLAM2::Tracking::Relocalization() (Tracking.cc:1402)
==374==    by 0x4DCE529: ORB_SLAM2::Tracking::Track() (Tracking.cc:358)
==374==    by 0x4DD06DC: ORB_SLAM2::Tracking::GrabImageMonocular(cv::Mat const&, double const&) (Tracking.cc:284)
==374==    by 0x4DB8881: ORB_SLAM2::System::TrackMonocular(cv::Mat const&, double const&) (System.cc:283)
==374==    by 0x142479: ImageGrabber::GrabImage(boost::shared_ptr<sensor_msgs::Image_<std::allocator<void> > const> const&) (ros_mono.cc:132)
==374==    by 0x17D061: operator() (function_template.hpp:763)
==374==    by 0x17D061: boost::detail::function::void_function_obj_invoker1<boost::function<void (boost::shared_ptr<sensor_msgs::Image_<std::allocator<void> > const> const&)>, void, boost::shared_ptr<sensor_msgs::Image_<std::allocator<void> > const> >::invoke(boost::detail::function::function_buffer&, boost::shared_ptr<sensor_msgs::Image_<std::allocator<void> > const>) (function_template.hpp:158)
==374==    by 0x19595C: operator() (function_template.hpp:763)
==374==    by 0x19595C: ros::SubscriptionCallbackHelperT<boost::shared_ptr<sensor_msgs::Image_<std::allocator<void> > const> const&, void>::call(ros::SubscriptionCallbackHelperCallParams&) (subscription_callback_helper.h:144)
==374==    by 0x49A7548: ros::SubscriptionQueue::call() (in /opt/ros/noetic/lib/libroscpp.so)
==374==    by 0x4955301: ros::CallbackQueue::callOneCB(ros::CallbackQueue::TLS*) (in /opt/ros/noetic/lib/libroscpp.so)
==374==    by 0x4956D72: ros::CallbackQueue::callAvailable(ros::WallDuration) (in /opt/ros/noetic/lib/libroscpp.so)
==374==    by 0x49AA43E: ros::SingleThreadedSpinner::spin(ros::CallbackQueue*) (in /opt/ros/noetic/lib/libroscpp.so)
==374==    by 0x499260E: ros::spin() (in /opt/ros/noetic/lib/libroscpp.so)
==374==    by 0x13C22D: main (ros_mono.cc:101)
==374==  Uninitialised value was created by a heap allocation
==374==    at 0x483CFA3: operator new(unsigned long) (vg_replace_malloc.c:472)
==374==    by 0x4DCD249: ORB_SLAM2::Tracking::CreateNewKeyFrame() (Tracking.cc:1097)
==374==    by 0x4DCF747: ORB_SLAM2::Tracking::Track() (Tracking.cc:487)
==374==    by 0x4DD06DC: ORB_SLAM2::Tracking::GrabImageMonocular(cv::Mat const&, double const&) (Tracking.cc:284)
==374==    by 0x4DB8881: ORB_SLAM2::System::TrackMonocular(cv::Mat const&, double const&) (System.cc:283)
==374==    by 0x142479: ImageGrabber::GrabImage(boost::shared_ptr<sensor_msgs::Image_<std::allocator<void> > const> const&) (ros_mono.cc:132)
==374==    by 0x17D061: operator() (function_template.hpp:763)
==374==    by 0x17D061: boost::detail::function::void_function_obj_invoker1<boost::function<void (boost::shared_ptr<sensor_msgs::Image_<std::allocator<void> > const> const&)>, void, boost::shared_ptr<sensor_msgs::Image_<std::allocator<void> > const> >::invoke(boost::detail::function::function_buffer&, boost::shared_ptr<sensor_msgs::Image_<std::allocator<void> > const>) (function_template.hpp:158)
==374==    by 0x19595C: operator() (function_template.hpp:763)
==374==    by 0x19595C: ros::SubscriptionCallbackHelperT<boost::shared_ptr<sensor_msgs::Image_<std::allocator<void> > const> const&, void>::call(ros::SubscriptionCallbackHelperCallParams&) (subscription_callback_helper.h:144)
==374==    by 0x49A7548: ros::SubscriptionQueue::call() (in /opt/ros/noetic/lib/libroscpp.so)
==374==    by 0x4955301: ros::CallbackQueue::callOneCB(ros::CallbackQueue::TLS*) (in /opt/ros/noetic/lib/libroscpp.so)
==374==    by 0x4956D72: ros::CallbackQueue::callAvailable(ros::WallDuration) (in /opt/ros/noetic/lib/libroscpp.so)
==374==    by 0x49AA43E: ros::SingleThreadedSpinner::spin(ros::CallbackQueue*) (in /opt/ros/noetic/lib/libroscpp.so)
==374==    by 0x499260E: ros::spin() (in /opt/ros/noetic/lib/libroscpp.so)
==374==    by 0x13C22D: main (ros_mono.cc:101)
==374== 
==374== Use of uninitialised value of size 8
==374==    at 0x4A4400C: pthread_mutex_lock (pthread_mutex_lock.c:159)
==374==    by 0x4E1472B: __gthread_mutex_lock (gthr-default.h:749)
==374==    by 0x4E1472B: lock (std_mutex.h:100)
==374==    by 0x4E1472B: lock (unique_lock.h:141)
==374==    by 0x4E1472B: unique_lock (unique_lock.h:71)
==374==    by 0x4E1472B: ORB_SLAM2::KeyFrame::isBad() (KeyFrame.cc:549)
==374==    by 0x4DCC6C8: ORB_SLAM2::Tracking::Relocalization() (Tracking.cc:1402)
==374==    by 0x4DCE529: ORB_SLAM2::Tracking::Track() (Tracking.cc:358)
==374==    by 0x4DD06DC: ORB_SLAM2::Tracking::GrabImageMonocular(cv::Mat const&, double const&) (Tracking.cc:284)
==374==    by 0x4DB8881: ORB_SLAM2::System::TrackMonocular(cv::Mat const&, double const&) (System.cc:283)
==374==    by 0x142479: ImageGrabber::GrabImage(boost::shared_ptr<sensor_msgs::Image_<std::allocator<void> > const> const&) (ros_mono.cc:132)
==374==    by 0x17D061: operator() (function_template.hpp:763)
==374==    by 0x17D061: boost::detail::function::void_function_obj_invoker1<boost::function<void (boost::shared_ptr<sensor_msgs::Image_<std::allocator<void> > const> const&)>, void, boost::shared_ptr<sensor_msgs::Image_<std::allocator<void> > const> >::invoke(boost::detail::function::function_buffer&, boost::shared_ptr<sensor_msgs::Image_<std::allocator<void> > const>) (function_template.hpp:158)
==374==    by 0x19595C: operator() (function_template.hpp:763)
==374==    by 0x19595C: ros::SubscriptionCallbackHelperT<boost::shared_ptr<sensor_msgs::Image_<std::allocator<void> > const> const&, void>::call(ros::SubscriptionCallbackHelperCallParams&) (subscription_callback_helper.h:144)
==374==    by 0x49A7548: ros::SubscriptionQueue::call() (in /opt/ros/noetic/lib/libroscpp.so)
==374==    by 0x4955301: ros::CallbackQueue::callOneCB(ros::CallbackQueue::TLS*) (in /opt/ros/noetic/lib/libroscpp.so)
==374==    by 0x4956D72: ros::CallbackQueue::callAvailable(ros::WallDuration) (in /opt/ros/noetic/lib/libroscpp.so)
==374==    by 0x49AA43E: ros::SingleThreadedSpinner::spin(ros::CallbackQueue*) (in /opt/ros/noetic/lib/libroscpp.so)
==374==    by 0x499260E: ros::spin() (in /opt/ros/noetic/lib/libroscpp.so)
==374==    by 0x13C22D: main (ros_mono.cc:101)
==374==  Uninitialised value was created by a heap allocation
==374==    at 0x483CFA3: operator new(unsigned long) (vg_replace_malloc.c:472)
==374==    by 0x4DCD249: ORB_SLAM2::Tracking::CreateNewKeyFrame() (Tracking.cc:1097)
==374==    by 0x4DCF747: ORB_SLAM2::Tracking::Track() (Tracking.cc:487)
==374==    by 0x4DD06DC: ORB_SLAM2::Tracking::GrabImageMonocular(cv::Mat const&, double const&) (Tracking.cc:284)
==374==    by 0x4DB8881: ORB_SLAM2::System::TrackMonocular(cv::Mat const&, double const&) (System.cc:283)
==374==    by 0x142479: ImageGrabber::GrabImage(boost::shared_ptr<sensor_msgs::Image_<std::allocator<void> > const> const&) (ros_mono.cc:132)
==374==    by 0x17D061: operator() (function_template.hpp:763)
==374==    by 0x17D061: boost::detail::function::void_function_obj_invoker1<boost::function<void (boost::shared_ptr<sensor_msgs::Image_<std::allocator<void> > const> const&)>, void, boost::shared_ptr<sensor_msgs::Image_<std::allocator<void> > const> >::invoke(boost::detail::function::function_buffer&, boost::shared_ptr<sensor_msgs::Image_<std::allocator<void> > const>) (function_template.hpp:158)
==374==    by 0x19595C: operator() (function_template.hpp:763)
==374==    by 0x19595C: ros::SubscriptionCallbackHelperT<boost::shared_ptr<sensor_msgs::Image_<std::allocator<void> > const> const&, void>::call(ros::SubscriptionCallbackHelperCallParams&) (subscription_callback_helper.h:144)
==374==    by 0x49A7548: ros::SubscriptionQueue::call() (in /opt/ros/noetic/lib/libroscpp.so)
==374==    by 0x4955301: ros::CallbackQueue::callOneCB(ros::CallbackQueue::TLS*) (in /opt/ros/noetic/lib/libroscpp.so)
==374==    by 0x4956D72: ros::CallbackQueue::callAvailable(ros::WallDuration) (in /opt/ros/noetic/lib/libroscpp.so)
==374==    by 0x49AA43E: ros::SingleThreadedSpinner::spin(ros::CallbackQueue*) (in /opt/ros/noetic/lib/libroscpp.so)
==374==    by 0x499260E: ros::spin() (in /opt/ros/noetic/lib/libroscpp.so)
==374==    by 0x13C22D: main (ros_mono.cc:101)
==374== 
==374== Use of uninitialised value of size 8
==374==    at 0x4E14730: ORB_SLAM2::KeyFrame::isBad() (KeyFrame.cc:550)
==374==    by 0x4DCC6C8: ORB_SLAM2::Tracking::Relocalization() (Tracking.cc:1402)
==374==    by 0x4DCE529: ORB_SLAM2::Tracking::Track() (Tracking.cc:358)
==374==    by 0x4DD06DC: ORB_SLAM2::Tracking::GrabImageMonocular(cv::Mat const&, double const&) (Tracking.cc:284)
==374==    by 0x4DB8881: ORB_SLAM2::System::TrackMonocular(cv::Mat const&, double const&) (System.cc:283)
==374==    by 0x142479: ImageGrabber::GrabImage(boost::shared_ptr<sensor_msgs::Image_<std::allocator<void> > const> const&) (ros_mono.cc:132)
==374==    by 0x17D061: operator() (function_template.hpp:763)
==374==    by 0x17D061: boost::detail::function::void_function_obj_invoker1<boost::function<void (boost::shared_ptr<sensor_msgs::Image_<std::allocator<void> > const> const&)>, void, boost::shared_ptr<sensor_msgs::Image_<std::allocator<void> > const> >::invoke(boost::detail::function::function_buffer&, boost::shared_ptr<sensor_msgs::Image_<std::allocator<void> > const>) (function_template.hpp:158)
==374==    by 0x19595C: operator() (function_template.hpp:763)
==374==    by 0x19595C: ros::SubscriptionCallbackHelperT<boost::shared_ptr<sensor_msgs::Image_<std::allocator<void> > const> const&, void>::call(ros::SubscriptionCallbackHelperCallParams&) (subscription_callback_helper.h:144)
==374==    by 0x49A7548: ros::SubscriptionQueue::call() (in /opt/ros/noetic/lib/libroscpp.so)
==374==    by 0x4955301: ros::CallbackQueue::callOneCB(ros::CallbackQueue::TLS*) (in /opt/ros/noetic/lib/libroscpp.so)
==374==    by 0x4956D72: ros::CallbackQueue::callAvailable(ros::WallDuration) (in /opt/ros/noetic/lib/libroscpp.so)
==374==    by 0x49AA43E: ros::SingleThreadedSpinner::spin(ros::CallbackQueue*) (in /opt/ros/noetic/lib/libroscpp.so)
==374==    by 0x499260E: ros::spin() (in /opt/ros/noetic/lib/libroscpp.so)
==374==    by 0x13C22D: main (ros_mono.cc:101)
==374==  Uninitialised value was created by a heap allocation
==374==    at 0x483CFA3: operator new(unsigned long) (vg_replace_malloc.c:472)
==374==    by 0x4DCD249: ORB_SLAM2::Tracking::CreateNewKeyFrame() (Tracking.cc:1097)
==374==    by 0x4DCF747: ORB_SLAM2::Tracking::Track() (Tracking.cc:487)
==374==    by 0x4DD06DC: ORB_SLAM2::Tracking::GrabImageMonocular(cv::Mat const&, double const&) (Tracking.cc:284)
==374==    by 0x4DB8881: ORB_SLAM2::System::TrackMonocular(cv::Mat const&, double const&) (System.cc:283)
==374==    by 0x142479: ImageGrabber::GrabImage(boost::shared_ptr<sensor_msgs::Image_<std::allocator<void> > const> const&) (ros_mono.cc:132)
==374==    by 0x17D061: operator() (function_template.hpp:763)
==374==    by 0x17D061: boost::detail::function::void_function_obj_invoker1<boost::function<void (boost::shared_ptr<sensor_msgs::Image_<std::allocator<void> > const> const&)>, void, boost::shared_ptr<sensor_msgs::Image_<std::allocator<void> > const> >::invoke(boost::detail::function::function_buffer&, boost::shared_ptr<sensor_msgs::Image_<std::allocator<void> > const>) (function_template.hpp:158)
==374==    by 0x19595C: operator() (function_template.hpp:763)
==374==    by 0x19595C: ros::SubscriptionCallbackHelperT<boost::shared_ptr<sensor_msgs::Image_<std::allocator<void> > const> const&, void>::call(ros::SubscriptionCallbackHelperCallParams&) (subscription_callback_helper.h:144)
==374==    by 0x49A7548: ros::SubscriptionQueue::call() (in /opt/ros/noetic/lib/libroscpp.so)
==374==    by 0x4955301: ros::CallbackQueue::callOneCB(ros::CallbackQueue::TLS*) (in /opt/ros/noetic/lib/libroscpp.so)
==374==    by 0x4956D72: ros::CallbackQueue::callAvailable(ros::WallDuration) (in /opt/ros/noetic/lib/libroscpp.so)
==374==    by 0x49AA43E: ros::SingleThreadedSpinner::spin(ros::CallbackQueue*) (in /opt/ros/noetic/lib/libroscpp.so)
==374==    by 0x499260E: ros::spin() (in /opt/ros/noetic/lib/libroscpp.so)
==374==    by 0x13C22D: main (ros_mono.cc:101)
==374== 
==374== Use of uninitialised value of size 8
==374==    at 0x4A457B4: __pthread_mutex_unlock_usercnt (pthread_mutex_unlock.c:41)
==374==    by 0x4A457B4: pthread_mutex_unlock (pthread_mutex_unlock.c:357)
==374==    by 0x4E14744: __gthread_mutex_unlock (gthr-default.h:779)
==374==    by 0x4E14744: unlock (std_mutex.h:118)
==374==    by 0x4E14744: unlock (unique_lock.h:197)
==374==    by 0x4E14744: ~unique_lock (unique_lock.h:106)
==374==    by 0x4E14744: ORB_SLAM2::KeyFrame::isBad() (KeyFrame.cc:549)
==374==    by 0x4DCC6C8: ORB_SLAM2::Tracking::Relocalization() (Tracking.cc:1402)
==374==    by 0x4DCE529: ORB_SLAM2::Tracking::Track() (Tracking.cc:358)
==374==    by 0x4DD06DC: ORB_SLAM2::Tracking::GrabImageMonocular(cv::Mat const&, double const&) (Tracking.cc:284)
==374==    by 0x4DB8881: ORB_SLAM2::System::TrackMonocular(cv::Mat const&, double const&) (System.cc:283)
==374==    by 0x142479: ImageGrabber::GrabImage(boost::shared_ptr<sensor_msgs::Image_<std::allocator<void> > const> const&) (ros_mono.cc:132)
==374==    by 0x17D061: operator() (function_template.hpp:763)
==374==    by 0x17D061: boost::detail::function::void_function_obj_invoker1<boost::function<void (boost::shared_ptr<sensor_msgs::Image_<std::allocator<void> > const> const&)>, void, boost::shared_ptr<sensor_msgs::Image_<std::allocator<void> > const> >::invoke(boost::detail::function::function_buffer&, boost::shared_ptr<sensor_msgs::Image_<std::allocator<void> > const>) (function_template.hpp:158)
==374==    by 0x19595C: operator() (function_template.hpp:763)
==374==    by 0x19595C: ros::SubscriptionCallbackHelperT<boost::shared_ptr<sensor_msgs::Image_<std::allocator<void> > const> const&, void>::call(ros::SubscriptionCallbackHelperCallParams&) (subscription_callback_helper.h:144)
==374==    by 0x49A7548: ros::SubscriptionQueue::call() (in /opt/ros/noetic/lib/libroscpp.so)
==374==    by 0x4955301: ros::CallbackQueue::callOneCB(ros::CallbackQueue::TLS*) (in /opt/ros/noetic/lib/libroscpp.so)
==374==    by 0x4956D72: ros::CallbackQueue::callAvailable(ros::WallDuration) (in /opt/ros/noetic/lib/libroscpp.so)
==374==    by 0x49AA43E: ros::SingleThreadedSpinner::spin(ros::CallbackQueue*) (in /opt/ros/noetic/lib/libroscpp.so)
==374==    by 0x499260E: ros::spin() (in /opt/ros/noetic/lib/libroscpp.so)
==374==    by 0x13C22D: main (ros_mono.cc:101)
==374==  Uninitialised value was created by a heap allocation
==374==    at 0x483CFA3: operator new(unsigned long) (vg_replace_malloc.c:472)
==374==    by 0x4DCD249: ORB_SLAM2::Tracking::CreateNewKeyFrame() (Tracking.cc:1097)
==374==    by 0x4DCF747: ORB_SLAM2::Tracking::Track() (Tracking.cc:487)
==374==    by 0x4DD06DC: ORB_SLAM2::Tracking::GrabImageMonocular(cv::Mat const&, double const&) (Tracking.cc:284)
==374==    by 0x4DB8881: ORB_SLAM2::System::TrackMonocular(cv::Mat const&, double const&) (System.cc:283)
==374==    by 0x142479: ImageGrabber::GrabImage(boost::shared_ptr<sensor_msgs::Image_<std::allocator<void> > const> const&) (ros_mono.cc:132)
==374==    by 0x17D061: operator() (function_template.hpp:763)
==374==    by 0x17D061: boost::detail::function::void_function_obj_invoker1<boost::function<void (boost::shared_ptr<sensor_msgs::Image_<std::allocator<void> > const> const&)>, void, boost::shared_ptr<sensor_msgs::Image_<std::allocator<void> > const> >::invoke(boost::detail::function::function_buffer&, boost::shared_ptr<sensor_msgs::Image_<std::allocator<void> > const>) (function_template.hpp:158)
==374==    by 0x19595C: operator() (function_template.hpp:763)
==374==    by 0x19595C: ros::SubscriptionCallbackHelperT<boost::shared_ptr<sensor_msgs::Image_<std::allocator<void> > const> const&, void>::call(ros::SubscriptionCallbackHelperCallParams&) (subscription_callback_helper.h:144)
==374==    by 0x49A7548: ros::SubscriptionQueue::call() (in /opt/ros/noetic/lib/libroscpp.so)
==374==    by 0x4955301: ros::CallbackQueue::callOneCB(ros::CallbackQueue::TLS*) (in /opt/ros/noetic/lib/libroscpp.so)
==374==    by 0x4956D72: ros::CallbackQueue::callAvailable(ros::WallDuration) (in /opt/ros/noetic/lib/libroscpp.so)
==374==    by 0x49AA43E: ros::SingleThreadedSpinner::spin(ros::CallbackQueue*) (in /opt/ros/noetic/lib/libroscpp.so)
==374==    by 0x499260E: ros::spin() (in /opt/ros/noetic/lib/libroscpp.so)
==374==    by 0x13C22D: main (ros_mono.cc:101)
==374== 
==374== Use of uninitialised value of size 8
==374==    at 0x4A457CB: __pthread_mutex_unlock_usercnt (pthread_mutex_unlock.c:55)
==374==    by 0x4A457CB: pthread_mutex_unlock (pthread_mutex_unlock.c:357)
==374==    by 0x4E14744: __gthread_mutex_unlock (gthr-default.h:779)
==374==    by 0x4E14744: unlock (std_mutex.h:118)
==374==    by 0x4E14744: unlock (unique_lock.h:197)
==374==    by 0x4E14744: ~unique_lock (unique_lock.h:106)
==374==    by 0x4E14744: ORB_SLAM2::KeyFrame::isBad() (KeyFrame.cc:549)
==374==    by 0x4DCC6C8: ORB_SLAM2::Tracking::Relocalization() (Tracking.cc:1402)
==374==    by 0x4DCE529: ORB_SLAM2::Tracking::Track() (Tracking.cc:358)
==374==    by 0x4DD06DC: ORB_SLAM2::Tracking::GrabImageMonocular(cv::Mat const&, double const&) (Tracking.cc:284)
==374==    by 0x4DB8881: ORB_SLAM2::System::TrackMonocular(cv::Mat const&, double const&) (System.cc:283)
==374==    by 0x142479: ImageGrabber::GrabImage(boost::shared_ptr<sensor_msgs::Image_<std::allocator<void> > const> const&) (ros_mono.cc:132)
==374==    by 0x17D061: operator() (function_template.hpp:763)
==374==    by 0x17D061: boost::detail::function::void_function_obj_invoker1<boost::function<void (boost::shared_ptr<sensor_msgs::Image_<std::allocator<void> > const> const&)>, void, boost::shared_ptr<sensor_msgs::Image_<std::allocator<void> > const> >::invoke(boost::detail::function::function_buffer&, boost::shared_ptr<sensor_msgs::Image_<std::allocator<void> > const>) (function_template.hpp:158)
==374==    by 0x19595C: operator() (function_template.hpp:763)
==374==    by 0x19595C: ros::SubscriptionCallbackHelperT<boost::shared_ptr<sensor_msgs::Image_<std::allocator<void> > const> const&, void>::call(ros::SubscriptionCallbackHelperCallParams&) (subscription_callback_helper.h:144)
==374==    by 0x49A7548: ros::SubscriptionQueue::call() (in /opt/ros/noetic/lib/libroscpp.so)
==374==    by 0x4955301: ros::CallbackQueue::callOneCB(ros::CallbackQueue::TLS*) (in /opt/ros/noetic/lib/libroscpp.so)
==374==    by 0x4956D72: ros::CallbackQueue::callAvailable(ros::WallDuration) (in /opt/ros/noetic/lib/libroscpp.so)
==374==    by 0x49AA43E: ros::SingleThreadedSpinner::spin(ros::CallbackQueue*) (in /opt/ros/noetic/lib/libroscpp.so)
==374==    by 0x499260E: ros::spin() (in /opt/ros/noetic/lib/libroscpp.so)
==374==    by 0x13C22D: main (ros_mono.cc:101)
==374==  Uninitialised value was created by a heap allocation
==374==    at 0x483CFA3: operator new(unsigned long) (vg_replace_malloc.c:472)
==374==    by 0x4DCD249: ORB_SLAM2::Tracking::CreateNewKeyFrame() (Tracking.cc:1097)
==374==    by 0x4DCF747: ORB_SLAM2::Tracking::Track() (Tracking.cc:487)
==374==    by 0x4DD06DC: ORB_SLAM2::Tracking::GrabImageMonocular(cv::Mat const&, double const&) (Tracking.cc:284)
==374==    by 0x4DB8881: ORB_SLAM2::System::TrackMonocular(cv::Mat const&, double const&) (System.cc:283)
==374==    by 0x142479: ImageGrabber::GrabImage(boost::shared_ptr<sensor_msgs::Image_<std::allocator<void> > const> const&) (ros_mono.cc:132)
==374==    by 0x17D061: operator() (function_template.hpp:763)
==374==    by 0x17D061: boost::detail::function::void_function_obj_invoker1<boost::function<void (boost::shared_ptr<sensor_msgs::Image_<std::allocator<void> > const> const&)>, void, boost::shared_ptr<sensor_msgs::Image_<std::allocator<void> > const> >::invoke(boost::detail::function::function_buffer&, boost::shared_ptr<sensor_msgs::Image_<std::allocator<void> > const>) (function_template.hpp:158)
==374==    by 0x19595C: operator() (function_template.hpp:763)
==374==    by 0x19595C: ros::SubscriptionCallbackHelperT<boost::shared_ptr<sensor_msgs::Image_<std::allocator<void> > const> const&, void>::call(ros::SubscriptionCallbackHelperCallParams&) (subscription_callback_helper.h:144)
==374==    by 0x49A7548: ros::SubscriptionQueue::call() (in /opt/ros/noetic/lib/libroscpp.so)
==374==    by 0x4955301: ros::CallbackQueue::callOneCB(ros::CallbackQueue::TLS*) (in /opt/ros/noetic/lib/libroscpp.so)
==374==    by 0x4956D72: ros::CallbackQueue::callAvailable(ros::WallDuration) (in /opt/ros/noetic/lib/libroscpp.so)
==374==    by 0x49AA43E: ros::SingleThreadedSpinner::spin(ros::CallbackQueue*) (in /opt/ros/noetic/lib/libroscpp.so)
==374==    by 0x499260E: ros::spin() (in /opt/ros/noetic/lib/libroscpp.so)
==374==    by 0x13C22D: main (ros_mono.cc:101)
==374== 
==374== Use of uninitialised value of size 8
==374==    at 0x4A43FC4: pthread_mutex_lock (pthread_mutex_lock.c:67)
==374==    by 0x4E14416: __gthread_mutex_lock (gthr-default.h:749)
==374==    by 0x4E14416: lock (std_mutex.h:100)
==374==    by 0x4E14416: lock (unique_lock.h:141)
==374==    by 0x4E14416: unique_lock (unique_lock.h:71)
==374==    by 0x4E14416: ORB_SLAM2::KeyFrame::GetMapPointMatches() (KeyFrame.cc:279)
==374==    by 0x4DF7ADF: ORB_SLAM2::ORBmatcher::SearchByBoW(ORB_SLAM2::KeyFrame*, ORB_SLAM2::Frame&, std::vector<ORB_SLAM2::MapPoint*, std::allocator<ORB_SLAM2::MapPoint*> >&) (ORBmatcher.cc:161)
==374==    by 0x4DCC6EF: ORB_SLAM2::Tracking::Relocalization() (Tracking.cc:1406)
==374==    by 0x4DCE529: ORB_SLAM2::Tracking::Track() (Tracking.cc:358)
==374==    by 0x4DD06DC: ORB_SLAM2::Tracking::GrabImageMonocular(cv::Mat const&, double const&) (Tracking.cc:284)
==374==    by 0x4DB8881: ORB_SLAM2::System::TrackMonocular(cv::Mat const&, double const&) (System.cc:283)
==374==    by 0x142479: ImageGrabber::GrabImage(boost::shared_ptr<sensor_msgs::Image_<std::allocator<void> > const> const&) (ros_mono.cc:132)
==374==    by 0x17D061: operator() (function_template.hpp:763)
==374==    by 0x17D061: boost::detail::function::void_function_obj_invoker1<boost::function<void (boost::shared_ptr<sensor_msgs::Image_<std::allocator<void> > const> const&)>, void, boost::shared_ptr<sensor_msgs::Image_<std::allocator<void> > const> >::invoke(boost::detail::function::function_buffer&, boost::shared_ptr<sensor_msgs::Image_<std::allocator<void> > const>) (function_template.hpp:158)
==374==    by 0x19595C: operator() (function_template.hpp:763)
==374==    by 0x19595C: ros::SubscriptionCallbackHelperT<boost::shared_ptr<sensor_msgs::Image_<std::allocator<void> > const> const&, void>::call(ros::SubscriptionCallbackHelperCallParams&) (subscription_callback_helper.h:144)
==374==    by 0x49A7548: ros::SubscriptionQueue::call() (in /opt/ros/noetic/lib/libroscpp.so)
==374==    by 0x4955301: ros::CallbackQueue::callOneCB(ros::CallbackQueue::TLS*) (in /opt/ros/noetic/lib/libroscpp.so)
==374==    by 0x4956D72: ros::CallbackQueue::callAvailable(ros::WallDuration) (in /opt/ros/noetic/lib/libroscpp.so)
==374==    by 0x49AA43E: ros::SingleThreadedSpinner::spin(ros::CallbackQueue*) (in /opt/ros/noetic/lib/libroscpp.so)
==374==    by 0x499260E: ros::spin() (in /opt/ros/noetic/lib/libroscpp.so)
==374==    by 0x13C22D: main (ros_mono.cc:101)
==374==  Uninitialised value was created by a heap allocation
==374==    at 0x483CFA3: operator new(unsigned long) (vg_replace_malloc.c:472)
==374==    by 0x4DCD249: ORB_SLAM2::Tracking::CreateNewKeyFrame() (Tracking.cc:1097)
==374==    by 0x4DCF747: ORB_SLAM2::Tracking::Track() (Tracking.cc:487)
==374==    by 0x4DD06DC: ORB_SLAM2::Tracking::GrabImageMonocular(cv::Mat const&, double const&) (Tracking.cc:284)
==374==    by 0x4DB8881: ORB_SLAM2::System::TrackMonocular(cv::Mat const&, double const&) (System.cc:283)
==374==    by 0x142479: ImageGrabber::GrabImage(boost::shared_ptr<sensor_msgs::Image_<std::allocator<void> > const> const&) (ros_mono.cc:132)
==374==    by 0x17D061: operator() (function_template.hpp:763)
==374==    by 0x17D061: boost::detail::function::void_function_obj_invoker1<boost::function<void (boost::shared_ptr<sensor_msgs::Image_<std::allocator<void> > const> const&)>, void, boost::shared_ptr<sensor_msgs::Image_<std::allocator<void> > const> >::invoke(boost::detail::function::function_buffer&, boost::shared_ptr<sensor_msgs::Image_<std::allocator<void> > const>) (function_template.hpp:158)
==374==    by 0x19595C: operator() (function_template.hpp:763)
==374==    by 0x19595C: ros::SubscriptionCallbackHelperT<boost::shared_ptr<sensor_msgs::Image_<std::allocator<void> > const> const&, void>::call(ros::SubscriptionCallbackHelperCallParams&) (subscription_callback_helper.h:144)
==374==    by 0x49A7548: ros::SubscriptionQueue::call() (in /opt/ros/noetic/lib/libroscpp.so)
==374==    by 0x4955301: ros::CallbackQueue::callOneCB(ros::CallbackQueue::TLS*) (in /opt/ros/noetic/lib/libroscpp.so)
==374==    by 0x4956D72: ros::CallbackQueue::callAvailable(ros::WallDuration) (in /opt/ros/noetic/lib/libroscpp.so)
==374==    by 0x49AA43E: ros::SingleThreadedSpinner::spin(ros::CallbackQueue*) (in /opt/ros/noetic/lib/libroscpp.so)
==374==    by 0x499260E: ros::spin() (in /opt/ros/noetic/lib/libroscpp.so)
==374==    by 0x13C22D: main (ros_mono.cc:101)
==374== 
==374== Use of uninitialised value of size 8
==374==    at 0x4A43FEF: pthread_mutex_lock (pthread_mutex_lock.c:80)
==374==    by 0x4E14416: __gthread_mutex_lock (gthr-default.h:749)
==374==    by 0x4E14416: lock (std_mutex.h:100)
==374==    by 0x4E14416: lock (unique_lock.h:141)
==374==    by 0x4E14416: unique_lock (unique_lock.h:71)
==374==    by 0x4E14416: ORB_SLAM2::KeyFrame::GetMapPointMatches() (KeyFrame.cc:279)
==374==    by 0x4DF7ADF: ORB_SLAM2::ORBmatcher::SearchByBoW(ORB_SLAM2::KeyFrame*, ORB_SLAM2::Frame&, std::vector<ORB_SLAM2::MapPoint*, std::allocator<ORB_SLAM2::MapPoint*> >&) (ORBmatcher.cc:161)
==374==    by 0x4DCC6EF: ORB_SLAM2::Tracking::Relocalization() (Tracking.cc:1406)
==374==    by 0x4DCE529: ORB_SLAM2::Tracking::Track() (Tracking.cc:358)
==374==    by 0x4DD06DC: ORB_SLAM2::Tracking::GrabImageMonocular(cv::Mat const&, double const&) (Tracking.cc:284)
==374==    by 0x4DB8881: ORB_SLAM2::System::TrackMonocular(cv::Mat const&, double const&) (System.cc:283)
==374==    by 0x142479: ImageGrabber::GrabImage(boost::shared_ptr<sensor_msgs::Image_<std::allocator<void> > const> const&) (ros_mono.cc:132)
==374==    by 0x17D061: operator() (function_template.hpp:763)
==374==    by 0x17D061: boost::detail::function::void_function_obj_invoker1<boost::function<void (boost::shared_ptr<sensor_msgs::Image_<std::allocator<void> > const> const&)>, void, boost::shared_ptr<sensor_msgs::Image_<std::allocator<void> > const> >::invoke(boost::detail::function::function_buffer&, boost::shared_ptr<sensor_msgs::Image_<std::allocator<void> > const>) (function_template.hpp:158)
==374==    by 0x19595C: operator() (function_template.hpp:763)
==374==    by 0x19595C: ros::SubscriptionCallbackHelperT<boost::shared_ptr<sensor_msgs::Image_<std::allocator<void> > const> const&, void>::call(ros::SubscriptionCallbackHelperCallParams&) (subscription_callback_helper.h:144)
==374==    by 0x49A7548: ros::SubscriptionQueue::call() (in /opt/ros/noetic/lib/libroscpp.so)
==374==    by 0x4955301: ros::CallbackQueue::callOneCB(ros::CallbackQueue::TLS*) (in /opt/ros/noetic/lib/libroscpp.so)
==374==    by 0x4956D72: ros::CallbackQueue::callAvailable(ros::WallDuration) (in /opt/ros/noetic/lib/libroscpp.so)
==374==    by 0x49AA43E: ros::SingleThreadedSpinner::spin(ros::CallbackQueue*) (in /opt/ros/noetic/lib/libroscpp.so)
==374==    by 0x499260E: ros::spin() (in /opt/ros/noetic/lib/libroscpp.so)
==374==    by 0x13C22D: main (ros_mono.cc:101)
==374==  Uninitialised value was created by a heap allocation
==374==    at 0x483CFA3: operator new(unsigned long) (vg_replace_malloc.c:472)
==374==    by 0x4DCD249: ORB_SLAM2::Tracking::CreateNewKeyFrame() (Tracking.cc:1097)
==374==    by 0x4DCF747: ORB_SLAM2::Tracking::Track() (Tracking.cc:487)
==374==    by 0x4DD06DC: ORB_SLAM2::Tracking::GrabImageMonocular(cv::Mat const&, double const&) (Tracking.cc:284)
==374==    by 0x4DB8881: ORB_SLAM2::System::TrackMonocular(cv::Mat const&, double const&) (System.cc:283)
==374==    by 0x142479: ImageGrabber::GrabImage(boost::shared_ptr<sensor_msgs::Image_<std::allocator<void> > const> const&) (ros_mono.cc:132)
==374==    by 0x17D061: operator() (function_template.hpp:763)
==374==    by 0x17D061: boost::detail::function::void_function_obj_invoker1<boost::function<void (boost::shared_ptr<sensor_msgs::Image_<std::allocator<void> > const> const&)>, void, boost::shared_ptr<sensor_msgs::Image_<std::allocator<void> > const> >::invoke(boost::detail::function::function_buffer&, boost::shared_ptr<sensor_msgs::Image_<std::allocator<void> > const>) (function_template.hpp:158)
==374==    by 0x19595C: operator() (function_template.hpp:763)
==374==    by 0x19595C: ros::SubscriptionCallbackHelperT<boost::shared_ptr<sensor_msgs::Image_<std::allocator<void> > const> const&, void>::call(ros::SubscriptionCallbackHelperCallParams&) (subscription_callback_helper.h:144)
==374==    by 0x49A7548: ros::SubscriptionQueue::call() (in /opt/ros/noetic/lib/libroscpp.so)
==374==    by 0x4955301: ros::CallbackQueue::callOneCB(ros::CallbackQueue::TLS*) (in /opt/ros/noetic/lib/libroscpp.so)
==374==    by 0x4956D72: ros::CallbackQueue::callAvailable(ros::WallDuration) (in /opt/ros/noetic/lib/libroscpp.so)
==374==    by 0x49AA43E: ros::SingleThreadedSpinner::spin(ros::CallbackQueue*) (in /opt/ros/noetic/lib/libroscpp.so)
==374==    by 0x499260E: ros::spin() (in /opt/ros/noetic/lib/libroscpp.so)
==374==    by 0x13C22D: main (ros_mono.cc:101)
==374== 
==374== Use of uninitialised value of size 8
==374==    at 0x4A43FF9: pthread_mutex_lock (pthread_mutex_lock.c:81)
==374==    by 0x4E14416: __gthread_mutex_lock (gthr-default.h:749)
==374==    by 0x4E14416: lock (std_mutex.h:100)
==374==    by 0x4E14416: lock (unique_lock.h:141)
==374==    by 0x4E14416: unique_lock (unique_lock.h:71)
==374==    by 0x4E14416: ORB_SLAM2::KeyFrame::GetMapPointMatches() (KeyFrame.cc:279)
==374==    by 0x4DF7ADF: ORB_SLAM2::ORBmatcher::SearchByBoW(ORB_SLAM2::KeyFrame*, ORB_SLAM2::Frame&, std::vector<ORB_SLAM2::MapPoint*, std::allocator<ORB_SLAM2::MapPoint*> >&) (ORBmatcher.cc:161)
==374==    by 0x4DCC6EF: ORB_SLAM2::Tracking::Relocalization() (Tracking.cc:1406)
==374==    by 0x4DCE529: ORB_SLAM2::Tracking::Track() (Tracking.cc:358)
==374==    by 0x4DD06DC: ORB_SLAM2::Tracking::GrabImageMonocular(cv::Mat const&, double const&) (Tracking.cc:284)
==374==    by 0x4DB8881: ORB_SLAM2::System::TrackMonocular(cv::Mat const&, double const&) (System.cc:283)
==374==    by 0x142479: ImageGrabber::GrabImage(boost::shared_ptr<sensor_msgs::Image_<std::allocator<void> > const> const&) (ros_mono.cc:132)
==374==    by 0x17D061: operator() (function_template.hpp:763)
==374==    by 0x17D061: boost::detail::function::void_function_obj_invoker1<boost::function<void (boost::shared_ptr<sensor_msgs::Image_<std::allocator<void> > const> const&)>, void, boost::shared_ptr<sensor_msgs::Image_<std::allocator<void> > const> >::invoke(boost::detail::function::function_buffer&, boost::shared_ptr<sensor_msgs::Image_<std::allocator<void> > const>) (function_template.hpp:158)
==374==    by 0x19595C: operator() (function_template.hpp:763)
==374==    by 0x19595C: ros::SubscriptionCallbackHelperT<boost::shared_ptr<sensor_msgs::Image_<std::allocator<void> > const> const&, void>::call(ros::SubscriptionCallbackHelperCallParams&) (subscription_callback_helper.h:144)
==374==    by 0x49A7548: ros::SubscriptionQueue::call() (in /opt/ros/noetic/lib/libroscpp.so)
==374==    by 0x4955301: ros::CallbackQueue::callOneCB(ros::CallbackQueue::TLS*) (in /opt/ros/noetic/lib/libroscpp.so)
==374==    by 0x4956D72: ros::CallbackQueue::callAvailable(ros::WallDuration) (in /opt/ros/noetic/lib/libroscpp.so)
==374==    by 0x49AA43E: ros::SingleThreadedSpinner::spin(ros::CallbackQueue*) (in /opt/ros/noetic/lib/libroscpp.so)
==374==    by 0x499260E: ros::spin() (in /opt/ros/noetic/lib/libroscpp.so)
==374==    by 0x13C22D: main (ros_mono.cc:101)
==374==  Uninitialised value was created by a heap allocation
==374==    at 0x483CFA3: operator new(unsigned long) (vg_replace_malloc.c:472)
==374==    by 0x4DCD249: ORB_SLAM2::Tracking::CreateNewKeyFrame() (Tracking.cc:1097)
==374==    by 0x4DCF747: ORB_SLAM2::Tracking::Track() (Tracking.cc:487)
==374==    by 0x4DD06DC: ORB_SLAM2::Tracking::GrabImageMonocular(cv::Mat const&, double const&) (Tracking.cc:284)
==374==    by 0x4DB8881: ORB_SLAM2::System::TrackMonocular(cv::Mat const&, double const&) (System.cc:283)
==374==    by 0x142479: ImageGrabber::GrabImage(boost::shared_ptr<sensor_msgs::Image_<std::allocator<void> > const> const&) (ros_mono.cc:132)
==374==    by 0x17D061: operator() (function_template.hpp:763)
==374==    by 0x17D061: boost::detail::function::void_function_obj_invoker1<boost::function<void (boost::shared_ptr<sensor_msgs::Image_<std::allocator<void> > const> const&)>, void, boost::shared_ptr<sensor_msgs::Image_<std::allocator<void> > const> >::invoke(boost::detail::function::function_buffer&, boost::shared_ptr<sensor_msgs::Image_<std::allocator<void> > const>) (function_template.hpp:158)
==374==    by 0x19595C: operator() (function_template.hpp:763)
==374==    by 0x19595C: ros::SubscriptionCallbackHelperT<boost::shared_ptr<sensor_msgs::Image_<std::allocator<void> > const> const&, void>::call(ros::SubscriptionCallbackHelperCallParams&) (subscription_callback_helper.h:144)
==374==    by 0x49A7548: ros::SubscriptionQueue::call() (in /opt/ros/noetic/lib/libroscpp.so)
==374==    by 0x4955301: ros::CallbackQueue::callOneCB(ros::CallbackQueue::TLS*) (in /opt/ros/noetic/lib/libroscpp.so)
==374==    by 0x4956D72: ros::CallbackQueue::callAvailable(ros::WallDuration) (in /opt/ros/noetic/lib/libroscpp.so)
==374==    by 0x49AA43E: ros::SingleThreadedSpinner::spin(ros::CallbackQueue*) (in /opt/ros/noetic/lib/libroscpp.so)
==374==    by 0x499260E: ros::spin() (in /opt/ros/noetic/lib/libroscpp.so)
==374==    by 0x13C22D: main (ros_mono.cc:101)
==374== 
==374== Use of uninitialised value of size 8
==374==    at 0x4A4400C: pthread_mutex_lock (pthread_mutex_lock.c:159)
==374==    by 0x4E14416: __gthread_mutex_lock (gthr-default.h:749)
==374==    by 0x4E14416: lock (std_mutex.h:100)
==374==    by 0x4E14416: lock (unique_lock.h:141)
==374==    by 0x4E14416: unique_lock (unique_lock.h:71)
==374==    by 0x4E14416: ORB_SLAM2::KeyFrame::GetMapPointMatches() (KeyFrame.cc:279)
==374==    by 0x4DF7ADF: ORB_SLAM2::ORBmatcher::SearchByBoW(ORB_SLAM2::KeyFrame*, ORB_SLAM2::Frame&, std::vector<ORB_SLAM2::MapPoint*, std::allocator<ORB_SLAM2::MapPoint*> >&) (ORBmatcher.cc:161)
==374==    by 0x4DCC6EF: ORB_SLAM2::Tracking::Relocalization() (Tracking.cc:1406)
==374==    by 0x4DCE529: ORB_SLAM2::Tracking::Track() (Tracking.cc:358)
==374==    by 0x4DD06DC: ORB_SLAM2::Tracking::GrabImageMonocular(cv::Mat const&, double const&) (Tracking.cc:284)
==374==    by 0x4DB8881: ORB_SLAM2::System::TrackMonocular(cv::Mat const&, double const&) (System.cc:283)
==374==    by 0x142479: ImageGrabber::GrabImage(boost::shared_ptr<sensor_msgs::Image_<std::allocator<void> > const> const&) (ros_mono.cc:132)
==374==    by 0x17D061: operator() (function_template.hpp:763)
==374==    by 0x17D061: boost::detail::function::void_function_obj_invoker1<boost::function<void (boost::shared_ptr<sensor_msgs::Image_<std::allocator<void> > const> const&)>, void, boost::shared_ptr<sensor_msgs::Image_<std::allocator<void> > const> >::invoke(boost::detail::function::function_buffer&, boost::shared_ptr<sensor_msgs::Image_<std::allocator<void> > const>) (function_template.hpp:158)
==374==    by 0x19595C: operator() (function_template.hpp:763)
==374==    by 0x19595C: ros::SubscriptionCallbackHelperT<boost::shared_ptr<sensor_msgs::Image_<std::allocator<void> > const> const&, void>::call(ros::SubscriptionCallbackHelperCallParams&) (subscription_callback_helper.h:144)
==374==    by 0x49A7548: ros::SubscriptionQueue::call() (in /opt/ros/noetic/lib/libroscpp.so)
==374==    by 0x4955301: ros::CallbackQueue::callOneCB(ros::CallbackQueue::TLS*) (in /opt/ros/noetic/lib/libroscpp.so)
==374==    by 0x4956D72: ros::CallbackQueue::callAvailable(ros::WallDuration) (in /opt/ros/noetic/lib/libroscpp.so)
==374==    by 0x49AA43E: ros::SingleThreadedSpinner::spin(ros::CallbackQueue*) (in /opt/ros/noetic/lib/libroscpp.so)
==374==    by 0x499260E: ros::spin() (in /opt/ros/noetic/lib/libroscpp.so)
==374==    by 0x13C22D: main (ros_mono.cc:101)
==374==  Uninitialised value was created by a heap allocation
==374==    at 0x483CFA3: operator new(unsigned long) (vg_replace_malloc.c:472)
==374==    by 0x4DCD249: ORB_SLAM2::Tracking::CreateNewKeyFrame() (Tracking.cc:1097)
==374==    by 0x4DCF747: ORB_SLAM2::Tracking::Track() (Tracking.cc:487)
==374==    by 0x4DD06DC: ORB_SLAM2::Tracking::GrabImageMonocular(cv::Mat const&, double const&) (Tracking.cc:284)
==374==    by 0x4DB8881: ORB_SLAM2::System::TrackMonocular(cv::Mat const&, double const&) (System.cc:283)
==374==    by 0x142479: ImageGrabber::GrabImage(boost::shared_ptr<sensor_msgs::Image_<std::allocator<void> > const> const&) (ros_mono.cc:132)
==374==    by 0x17D061: operator() (function_template.hpp:763)
==374==    by 0x17D061: boost::detail::function::void_function_obj_invoker1<boost::function<void (boost::shared_ptr<sensor_msgs::Image_<std::allocator<void> > const> const&)>, void, boost::shared_ptr<sensor_msgs::Image_<std::allocator<void> > const> >::invoke(boost::detail::function::function_buffer&, boost::shared_ptr<sensor_msgs::Image_<std::allocator<void> > const>) (function_template.hpp:158)
==374==    by 0x19595C: operator() (function_template.hpp:763)
==374==    by 0x19595C: ros::SubscriptionCallbackHelperT<boost::shared_ptr<sensor_msgs::Image_<std::allocator<void> > const> const&, void>::call(ros::SubscriptionCallbackHelperCallParams&) (subscription_callback_helper.h:144)
==374==    by 0x49A7548: ros::SubscriptionQueue::call() (in /opt/ros/noetic/lib/libroscpp.so)
==374==    by 0x4955301: ros::CallbackQueue::callOneCB(ros::CallbackQueue::TLS*) (in /opt/ros/noetic/lib/libroscpp.so)
==374==    by 0x4956D72: ros::CallbackQueue::callAvailable(ros::WallDuration) (in /opt/ros/noetic/lib/libroscpp.so)
==374==    by 0x49AA43E: ros::SingleThreadedSpinner::spin(ros::CallbackQueue*) (in /opt/ros/noetic/lib/libroscpp.so)
==374==    by 0x499260E: ros::spin() (in /opt/ros/noetic/lib/libroscpp.so)
==374==    by 0x13C22D: main (ros_mono.cc:101)
==374== 
==374== Use of uninitialised value of size 8
==374==    at 0x4E1441F: size (stl_vector.h:916)
==374==    by 0x4E1441F: vector (stl_vector.h:552)
==374==    by 0x4E1441F: ORB_SLAM2::KeyFrame::GetMapPointMatches() (KeyFrame.cc:280)
==374==    by 0x4DF7ADF: ORB_SLAM2::ORBmatcher::SearchByBoW(ORB_SLAM2::KeyFrame*, ORB_SLAM2::Frame&, std::vector<ORB_SLAM2::MapPoint*, std::allocator<ORB_SLAM2::MapPoint*> >&) (ORBmatcher.cc:161)
==374==    by 0x4DCC6EF: ORB_SLAM2::Tracking::Relocalization() (Tracking.cc:1406)
==374==    by 0x4DCE529: ORB_SLAM2::Tracking::Track() (Tracking.cc:358)
==374==    by 0x4DD06DC: ORB_SLAM2::Tracking::GrabImageMonocular(cv::Mat const&, double const&) (Tracking.cc:284)
==374==    by 0x4DB8881: ORB_SLAM2::System::TrackMonocular(cv::Mat const&, double const&) (System.cc:283)
==374==    by 0x142479: ImageGrabber::GrabImage(boost::shared_ptr<sensor_msgs::Image_<std::allocator<void> > const> const&) (ros_mono.cc:132)
==374==    by 0x17D061: operator() (function_template.hpp:763)
==374==    by 0x17D061: boost::detail::function::void_function_obj_invoker1<boost::function<void (boost::shared_ptr<sensor_msgs::Image_<std::allocator<void> > const> const&)>, void, boost::shared_ptr<sensor_msgs::Image_<std::allocator<void> > const> >::invoke(boost::detail::function::function_buffer&, boost::shared_ptr<sensor_msgs::Image_<std::allocator<void> > const>) (function_template.hpp:158)
==374==    by 0x19595C: operator() (function_template.hpp:763)
==374==    by 0x19595C: ros::SubscriptionCallbackHelperT<boost::shared_ptr<sensor_msgs::Image_<std::allocator<void> > const> const&, void>::call(ros::SubscriptionCallbackHelperCallParams&) (subscription_callback_helper.h:144)
==374==    by 0x49A7548: ros::SubscriptionQueue::call() (in /opt/ros/noetic/lib/libroscpp.so)
==374==    by 0x4955301: ros::CallbackQueue::callOneCB(ros::CallbackQueue::TLS*) (in /opt/ros/noetic/lib/libroscpp.so)
==374==    by 0x4956D72: ros::CallbackQueue::callAvailable(ros::WallDuration) (in /opt/ros/noetic/lib/libroscpp.so)
==374==    by 0x49AA43E: ros::SingleThreadedSpinner::spin(ros::CallbackQueue*) (in /opt/ros/noetic/lib/libroscpp.so)
==374==    by 0x499260E: ros::spin() (in /opt/ros/noetic/lib/libroscpp.so)
==374==    by 0x13C22D: main (ros_mono.cc:101)
==374==  Uninitialised value was created by a heap allocation
==374==    at 0x483CFA3: operator new(unsigned long) (vg_replace_malloc.c:472)
==374==    by 0x4DCD249: ORB_SLAM2::Tracking::CreateNewKeyFrame() (Tracking.cc:1097)
==374==    by 0x4DCF747: ORB_SLAM2::Tracking::Track() (Tracking.cc:487)
==374==    by 0x4DD06DC: ORB_SLAM2::Tracking::GrabImageMonocular(cv::Mat const&, double const&) (Tracking.cc:284)
==374==    by 0x4DB8881: ORB_SLAM2::System::TrackMonocular(cv::Mat const&, double const&) (System.cc:283)
==374==    by 0x142479: ImageGrabber::GrabImage(boost::shared_ptr<sensor_msgs::Image_<std::allocator<void> > const> const&) (ros_mono.cc:132)
==374==    by 0x17D061: operator() (function_template.hpp:763)
==374==    by 0x17D061: boost::detail::function::void_function_obj_invoker1<boost::function<void (boost::shared_ptr<sensor_msgs::Image_<std::allocator<void> > const> const&)>, void, boost::shared_ptr<sensor_msgs::Image_<std::allocator<void> > const> >::invoke(boost::detail::function::function_buffer&, boost::shared_ptr<sensor_msgs::Image_<std::allocator<void> > const>) (function_template.hpp:158)
==374==    by 0x19595C: operator() (function_template.hpp:763)
==374==    by 0x19595C: ros::SubscriptionCallbackHelperT<boost::shared_ptr<sensor_msgs::Image_<std::allocator<void> > const> const&, void>::call(ros::SubscriptionCallbackHelperCallParams&) (subscription_callback_helper.h:144)
==374==    by 0x49A7548: ros::SubscriptionQueue::call() (in /opt/ros/noetic/lib/libroscpp.so)
==374==    by 0x4955301: ros::CallbackQueue::callOneCB(ros::CallbackQueue::TLS*) (in /opt/ros/noetic/lib/libroscpp.so)
==374==    by 0x4956D72: ros::CallbackQueue::callAvailable(ros::WallDuration) (in /opt/ros/noetic/lib/libroscpp.so)
==374==    by 0x49AA43E: ros::SingleThreadedSpinner::spin(ros::CallbackQueue*) (in /opt/ros/noetic/lib/libroscpp.so)
==374==    by 0x499260E: ros::spin() (in /opt/ros/noetic/lib/libroscpp.so)
==374==    by 0x13C22D: main (ros_mono.cc:101)
==374== 
==374== Use of uninitialised value of size 8
==374==    at 0x4E1448B: vector (stl_vector.h:555)
==374==    by 0x4E1448B: ORB_SLAM2::KeyFrame::GetMapPointMatches() (KeyFrame.cc:280)
==374==    by 0x4DF7ADF: ORB_SLAM2::ORBmatcher::SearchByBoW(ORB_SLAM2::KeyFrame*, ORB_SLAM2::Frame&, std::vector<ORB_SLAM2::MapPoint*, std::allocator<ORB_SLAM2::MapPoint*> >&) (ORBmatcher.cc:161)
==374==    by 0x4DCC6EF: ORB_SLAM2::Tracking::Relocalization() (Tracking.cc:1406)
==374==    by 0x4DCE529: ORB_SLAM2::Tracking::Track() (Tracking.cc:358)
==374==    by 0x4DD06DC: ORB_SLAM2::Tracking::GrabImageMonocular(cv::Mat const&, double const&) (Tracking.cc:284)
==374==    by 0x4DB8881: ORB_SLAM2::System::TrackMonocular(cv::Mat const&, double const&) (System.cc:283)
==374==    by 0x142479: ImageGrabber::GrabImage(boost::shared_ptr<sensor_msgs::Image_<std::allocator<void> > const> const&) (ros_mono.cc:132)
==374==    by 0x17D061: operator() (function_template.hpp:763)
==374==    by 0x17D061: boost::detail::function::void_function_obj_invoker1<boost::function<void (boost::shared_ptr<sensor_msgs::Image_<std::allocator<void> > const> const&)>, void, boost::shared_ptr<sensor_msgs::Image_<std::allocator<void> > const> >::invoke(boost::detail::function::function_buffer&, boost::shared_ptr<sensor_msgs::Image_<std::allocator<void> > const>) (function_template.hpp:158)
==374==    by 0x19595C: operator() (function_template.hpp:763)
==374==    by 0x19595C: ros::SubscriptionCallbackHelperT<boost::shared_ptr<sensor_msgs::Image_<std::allocator<void> > const> const&, void>::call(ros::SubscriptionCallbackHelperCallParams&) (subscription_callback_helper.h:144)
==374==    by 0x49A7548: ros::SubscriptionQueue::call() (in /opt/ros/noetic/lib/libroscpp.so)
==374==    by 0x4955301: ros::CallbackQueue::callOneCB(ros::CallbackQueue::TLS*) (in /opt/ros/noetic/lib/libroscpp.so)
==374==    by 0x4956D72: ros::CallbackQueue::callAvailable(ros::WallDuration) (in /opt/ros/noetic/lib/libroscpp.so)
==374==    by 0x49AA43E: ros::SingleThreadedSpinner::spin(ros::CallbackQueue*) (in /opt/ros/noetic/lib/libroscpp.so)
==374==    by 0x499260E: ros::spin() (in /opt/ros/noetic/lib/libroscpp.so)
==374==    by 0x13C22D: main (ros_mono.cc:101)
==374==  Uninitialised value was created by a heap allocation
==374==    at 0x483CFA3: operator new(unsigned long) (vg_replace_malloc.c:472)
==374==    by 0x4DCD249: ORB_SLAM2::Tracking::CreateNewKeyFrame() (Tracking.cc:1097)
==374==    by 0x4DCF747: ORB_SLAM2::Tracking::Track() (Tracking.cc:487)
==374==    by 0x4DD06DC: ORB_SLAM2::Tracking::GrabImageMonocular(cv::Mat const&, double const&) (Tracking.cc:284)
==374==    by 0x4DB8881: ORB_SLAM2::System::TrackMonocular(cv::Mat const&, double const&) (System.cc:283)
==374==    by 0x142479: ImageGrabber::GrabImage(boost::shared_ptr<sensor_msgs::Image_<std::allocator<void> > const> const&) (ros_mono.cc:132)
==374==    by 0x17D061: operator() (function_template.hpp:763)
==374==    by 0x17D061: boost::detail::function::void_function_obj_invoker1<boost::function<void (boost::shared_ptr<sensor_msgs::Image_<std::allocator<void> > const> const&)>, void, boost::shared_ptr<sensor_msgs::Image_<std::allocator<void> > const> >::invoke(boost::detail::function::function_buffer&, boost::shared_ptr<sensor_msgs::Image_<std::allocator<void> > const>) (function_template.hpp:158)
==374==    by 0x19595C: operator() (function_template.hpp:763)
==374==    by 0x19595C: ros::SubscriptionCallbackHelperT<boost::shared_ptr<sensor_msgs::Image_<std::allocator<void> > const> const&, void>::call(ros::SubscriptionCallbackHelperCallParams&) (subscription_callback_helper.h:144)
==374==    by 0x49A7548: ros::SubscriptionQueue::call() (in /opt/ros/noetic/lib/libroscpp.so)
==374==    by 0x4955301: ros::CallbackQueue::callOneCB(ros::CallbackQueue::TLS*) (in /opt/ros/noetic/lib/libroscpp.so)
==374==    by 0x4956D72: ros::CallbackQueue::callAvailable(ros::WallDuration) (in /opt/ros/noetic/lib/libroscpp.so)
==374==    by 0x49AA43E: ros::SingleThreadedSpinner::spin(ros::CallbackQueue*) (in /opt/ros/noetic/lib/libroscpp.so)
==374==    by 0x499260E: ros::spin() (in /opt/ros/noetic/lib/libroscpp.so)
==374==    by 0x13C22D: main (ros_mono.cc:101)
==374== 
==374== Conditional jump or move depends on uninitialised value(s)
==374==    at 0x4E144EC: __gthread_mutex_unlock (gthr-default.h:778)
==374==    by 0x4E144EC: unlock (std_mutex.h:118)
==374==    by 0x4E144EC: unlock (unique_lock.h:197)
==374==    by 0x4E144EC: ~unique_lock (unique_lock.h:106)
==374==    by 0x4E144EC: ORB_SLAM2::KeyFrame::GetMapPointMatches() (KeyFrame.cc:279)
==374==    by 0x4DF7ADF: ORB_SLAM2::ORBmatcher::SearchByBoW(ORB_SLAM2::KeyFrame*, ORB_SLAM2::Frame&, std::vector<ORB_SLAM2::MapPoint*, std::allocator<ORB_SLAM2::MapPoint*> >&) (ORBmatcher.cc:161)
==374==    by 0x4DCC6EF: ORB_SLAM2::Tracking::Relocalization() (Tracking.cc:1406)
==374==    by 0x4DCE529: ORB_SLAM2::Tracking::Track() (Tracking.cc:358)
==374==    by 0x4DD06DC: ORB_SLAM2::Tracking::GrabImageMonocular(cv::Mat const&, double const&) (Tracking.cc:284)
==374==    by 0x4DB8881: ORB_SLAM2::System::TrackMonocular(cv::Mat const&, double const&) (System.cc:283)
==374==    by 0x142479: ImageGrabber::GrabImage(boost::shared_ptr<sensor_msgs::Image_<std::allocator<void> > const> const&) (ros_mono.cc:132)
==374==    by 0x17D061: operator() (function_template.hpp:763)
==374==    by 0x17D061: boost::detail::function::void_function_obj_invoker1<boost::function<void (boost::shared_ptr<sensor_msgs::Image_<std::allocator<void> > const> const&)>, void, boost::shared_ptr<sensor_msgs::Image_<std::allocator<void> > const> >::invoke(boost::detail::function::function_buffer&, boost::shared_ptr<sensor_msgs::Image_<std::allocator<void> > const>) (function_template.hpp:158)
==374==    by 0x19595C: operator() (function_template.hpp:763)
==374==    by 0x19595C: ros::SubscriptionCallbackHelperT<boost::shared_ptr<sensor_msgs::Image_<std::allocator<void> > const> const&, void>::call(ros::SubscriptionCallbackHelperCallParams&) (subscription_callback_helper.h:144)
==374==    by 0x49A7548: ros::SubscriptionQueue::call() (in /opt/ros/noetic/lib/libroscpp.so)
==374==    by 0x4955301: ros::CallbackQueue::callOneCB(ros::CallbackQueue::TLS*) (in /opt/ros/noetic/lib/libroscpp.so)
==374==    by 0x4956D72: ros::CallbackQueue::callAvailable(ros::WallDuration) (in /opt/ros/noetic/lib/libroscpp.so)
==374==    by 0x49AA43E: ros::SingleThreadedSpinner::spin(ros::CallbackQueue*) (in /opt/ros/noetic/lib/libroscpp.so)
==374==    by 0x499260E: ros::spin() (in /opt/ros/noetic/lib/libroscpp.so)
==374==    by 0x13C22D: main (ros_mono.cc:101)
==374==  Uninitialised value was created by a heap allocation
==374==    at 0x483CFA3: operator new(unsigned long) (vg_replace_malloc.c:472)
==374==    by 0x4DCD249: ORB_SLAM2::Tracking::CreateNewKeyFrame() (Tracking.cc:1097)
==374==    by 0x4DCF747: ORB_SLAM2::Tracking::Track() (Tracking.cc:487)
==374==    by 0x4DD06DC: ORB_SLAM2::Tracking::GrabImageMonocular(cv::Mat const&, double const&) (Tracking.cc:284)
==374==    by 0x4DB8881: ORB_SLAM2::System::TrackMonocular(cv::Mat const&, double const&) (System.cc:283)
==374==    by 0x142479: ImageGrabber::GrabImage(boost::shared_ptr<sensor_msgs::Image_<std::allocator<void> > const> const&) (ros_mono.cc:132)
==374==    by 0x17D061: operator() (function_template.hpp:763)
==374==    by 0x17D061: boost::detail::function::void_function_obj_invoker1<boost::function<void (boost::shared_ptr<sensor_msgs::Image_<std::allocator<void> > const> const&)>, void, boost::shared_ptr<sensor_msgs::Image_<std::allocator<void> > const> >::invoke(boost::detail::function::function_buffer&, boost::shared_ptr<sensor_msgs::Image_<std::allocator<void> > const>) (function_template.hpp:158)
==374==    by 0x19595C: operator() (function_template.hpp:763)
==374==    by 0x19595C: ros::SubscriptionCallbackHelperT<boost::shared_ptr<sensor_msgs::Image_<std::allocator<void> > const> const&, void>::call(ros::SubscriptionCallbackHelperCallParams&) (subscription_callback_helper.h:144)
==374==    by 0x49A7548: ros::SubscriptionQueue::call() (in /opt/ros/noetic/lib/libroscpp.so)
==374==    by 0x4955301: ros::CallbackQueue::callOneCB(ros::CallbackQueue::TLS*) (in /opt/ros/noetic/lib/libroscpp.so)
==374==    by 0x4956D72: ros::CallbackQueue::callAvailable(ros::WallDuration) (in /opt/ros/noetic/lib/libroscpp.so)
==374==    by 0x49AA43E: ros::SingleThreadedSpinner::spin(ros::CallbackQueue*) (in /opt/ros/noetic/lib/libroscpp.so)
==374==    by 0x499260E: ros::spin() (in /opt/ros/noetic/lib/libroscpp.so)
==374==    by 0x13C22D: main (ros_mono.cc:101)
==374== 
==374== Use of uninitialised value of size 8
==374==    at 0x4A457B4: __pthread_mutex_unlock_usercnt (pthread_mutex_unlock.c:41)
==374==    by 0x4A457B4: pthread_mutex_unlock (pthread_mutex_unlock.c:357)
==374==    by 0x4E144F2: __gthread_mutex_unlock (gthr-default.h:779)
==374==    by 0x4E144F2: unlock (std_mutex.h:118)
==374==    by 0x4E144F2: unlock (unique_lock.h:197)
==374==    by 0x4E144F2: ~unique_lock (unique_lock.h:106)
==374==    by 0x4E144F2: ORB_SLAM2::KeyFrame::GetMapPointMatches() (KeyFrame.cc:279)
==374==    by 0x4DF7ADF: ORB_SLAM2::ORBmatcher::SearchByBoW(ORB_SLAM2::KeyFrame*, ORB_SLAM2::Frame&, std::vector<ORB_SLAM2::MapPoint*, std::allocator<ORB_SLAM2::MapPoint*> >&) (ORBmatcher.cc:161)
==374==    by 0x4DCC6EF: ORB_SLAM2::Tracking::Relocalization() (Tracking.cc:1406)
==374==    by 0x4DCE529: ORB_SLAM2::Tracking::Track() (Tracking.cc:358)
==374==    by 0x4DD06DC: ORB_SLAM2::Tracking::GrabImageMonocular(cv::Mat const&, double const&) (Tracking.cc:284)
==374==    by 0x4DB8881: ORB_SLAM2::System::TrackMonocular(cv::Mat const&, double const&) (System.cc:283)
==374==    by 0x142479: ImageGrabber::GrabImage(boost::shared_ptr<sensor_msgs::Image_<std::allocator<void> > const> const&) (ros_mono.cc:132)
==374==    by 0x17D061: operator() (function_template.hpp:763)
==374==    by 0x17D061: boost::detail::function::void_function_obj_invoker1<boost::function<void (boost::shared_ptr<sensor_msgs::Image_<std::allocator<void> > const> const&)>, void, boost::shared_ptr<sensor_msgs::Image_<std::allocator<void> > const> >::invoke(boost::detail::function::function_buffer&, boost::shared_ptr<sensor_msgs::Image_<std::allocator<void> > const>) (function_template.hpp:158)
==374==    by 0x19595C: operator() (function_template.hpp:763)
==374==    by 0x19595C: ros::SubscriptionCallbackHelperT<boost::shared_ptr<sensor_msgs::Image_<std::allocator<void> > const> const&, void>::call(ros::SubscriptionCallbackHelperCallParams&) (subscription_callback_helper.h:144)
==374==    by 0x49A7548: ros::SubscriptionQueue::call() (in /opt/ros/noetic/lib/libroscpp.so)
==374==    by 0x4955301: ros::CallbackQueue::callOneCB(ros::CallbackQueue::TLS*) (in /opt/ros/noetic/lib/libroscpp.so)
==374==    by 0x4956D72: ros::CallbackQueue::callAvailable(ros::WallDuration) (in /opt/ros/noetic/lib/libroscpp.so)
==374==    by 0x49AA43E: ros::SingleThreadedSpinner::spin(ros::CallbackQueue*) (in /opt/ros/noetic/lib/libroscpp.so)
==374==    by 0x499260E: ros::spin() (in /opt/ros/noetic/lib/libroscpp.so)
==374==    by 0x13C22D: main (ros_mono.cc:101)
==374==  Uninitialised value was created by a heap allocation
==374==    at 0x483CFA3: operator new(unsigned long) (vg_replace_malloc.c:472)
==374==    by 0x4DCD249: ORB_SLAM2::Tracking::CreateNewKeyFrame() (Tracking.cc:1097)
==374==    by 0x4DCF747: ORB_SLAM2::Tracking::Track() (Tracking.cc:487)
==374==    by 0x4DD06DC: ORB_SLAM2::Tracking::GrabImageMonocular(cv::Mat const&, double const&) (Tracking.cc:284)
==374==    by 0x4DB8881: ORB_SLAM2::System::TrackMonocular(cv::Mat const&, double const&) (System.cc:283)
==374==    by 0x142479: ImageGrabber::GrabImage(boost::shared_ptr<sensor_msgs::Image_<std::allocator<void> > const> const&) (ros_mono.cc:132)
==374==    by 0x17D061: operator() (function_template.hpp:763)
==374==    by 0x17D061: boost::detail::function::void_function_obj_invoker1<boost::function<void (boost::shared_ptr<sensor_msgs::Image_<std::allocator<void> > const> const&)>, void, boost::shared_ptr<sensor_msgs::Image_<std::allocator<void> > const> >::invoke(boost::detail::function::function_buffer&, boost::shared_ptr<sensor_msgs::Image_<std::allocator<void> > const>) (function_template.hpp:158)
==374==    by 0x19595C: operator() (function_template.hpp:763)
==374==    by 0x19595C: ros::SubscriptionCallbackHelperT<boost::shared_ptr<sensor_msgs::Image_<std::allocator<void> > const> const&, void>::call(ros::SubscriptionCallbackHelperCallParams&) (subscription_callback_helper.h:144)
==374==    by 0x49A7548: ros::SubscriptionQueue::call() (in /opt/ros/noetic/lib/libroscpp.so)
==374==    by 0x4955301: ros::CallbackQueue::callOneCB(ros::CallbackQueue::TLS*) (in /opt/ros/noetic/lib/libroscpp.so)
==374==    by 0x4956D72: ros::CallbackQueue::callAvailable(ros::WallDuration) (in /opt/ros/noetic/lib/libroscpp.so)
==374==    by 0x49AA43E: ros::SingleThreadedSpinner::spin(ros::CallbackQueue*) (in /opt/ros/noetic/lib/libroscpp.so)
==374==    by 0x499260E: ros::spin() (in /opt/ros/noetic/lib/libroscpp.so)
==374==    by 0x13C22D: main (ros_mono.cc:101)
==374== 
==374== Use of uninitialised value of size 8
==374==    at 0x4A457CB: __pthread_mutex_unlock_usercnt (pthread_mutex_unlock.c:55)
==374==    by 0x4A457CB: pthread_mutex_unlock (pthread_mutex_unlock.c:357)
==374==    by 0x4E144F2: __gthread_mutex_unlock (gthr-default.h:779)
==374==    by 0x4E144F2: unlock (std_mutex.h:118)
==374==    by 0x4E144F2: unlock (unique_lock.h:197)
==374==    by 0x4E144F2: ~unique_lock (unique_lock.h:106)
==374==    by 0x4E144F2: ORB_SLAM2::KeyFrame::GetMapPointMatches() (KeyFrame.cc:279)
==374==    by 0x4DF7ADF: ORB_SLAM2::ORBmatcher::SearchByBoW(ORB_SLAM2::KeyFrame*, ORB_SLAM2::Frame&, std::vector<ORB_SLAM2::MapPoint*, std::allocator<ORB_SLAM2::MapPoint*> >&) (ORBmatcher.cc:161)
==374==    by 0x4DCC6EF: ORB_SLAM2::Tracking::Relocalization() (Tracking.cc:1406)
==374==    by 0x4DCE529: ORB_SLAM2::Tracking::Track() (Tracking.cc:358)
==374==    by 0x4DD06DC: ORB_SLAM2::Tracking::GrabImageMonocular(cv::Mat const&, double const&) (Tracking.cc:284)
==374==    by 0x4DB8881: ORB_SLAM2::System::TrackMonocular(cv::Mat const&, double const&) (System.cc:283)
==374==    by 0x142479: ImageGrabber::GrabImage(boost::shared_ptr<sensor_msgs::Image_<std::allocator<void> > const> const&) (ros_mono.cc:132)
==374==    by 0x17D061: operator() (function_template.hpp:763)
==374==    by 0x17D061: boost::detail::function::void_function_obj_invoker1<boost::function<void (boost::shared_ptr<sensor_msgs::Image_<std::allocator<void> > const> const&)>, void, boost::shared_ptr<sensor_msgs::Image_<std::allocator<void> > const> >::invoke(boost::detail::function::function_buffer&, boost::shared_ptr<sensor_msgs::Image_<std::allocator<void> > const>) (function_template.hpp:158)
==374==    by 0x19595C: operator() (function_template.hpp:763)
==374==    by 0x19595C: ros::SubscriptionCallbackHelperT<boost::shared_ptr<sensor_msgs::Image_<std::allocator<void> > const> const&, void>::call(ros::SubscriptionCallbackHelperCallParams&) (subscription_callback_helper.h:144)
==374==    by 0x49A7548: ros::SubscriptionQueue::call() (in /opt/ros/noetic/lib/libroscpp.so)
==374==    by 0x4955301: ros::CallbackQueue::callOneCB(ros::CallbackQueue::TLS*) (in /opt/ros/noetic/lib/libroscpp.so)
==374==    by 0x4956D72: ros::CallbackQueue::callAvailable(ros::WallDuration) (in /opt/ros/noetic/lib/libroscpp.so)
==374==    by 0x49AA43E: ros::SingleThreadedSpinner::spin(ros::CallbackQueue*) (in /opt/ros/noetic/lib/libroscpp.so)
==374==    by 0x499260E: ros::spin() (in /opt/ros/noetic/lib/libroscpp.so)
==374==    by 0x13C22D: main (ros_mono.cc:101)
==374==  Uninitialised value was created by a heap allocation
==374==    at 0x483CFA3: operator new(unsigned long) (vg_replace_malloc.c:472)
==374==    by 0x4DCD249: ORB_SLAM2::Tracking::CreateNewKeyFrame() (Tracking.cc:1097)
==374==    by 0x4DCF747: ORB_SLAM2::Tracking::Track() (Tracking.cc:487)
==374==    by 0x4DD06DC: ORB_SLAM2::Tracking::GrabImageMonocular(cv::Mat const&, double const&) (Tracking.cc:284)
==374==    by 0x4DB8881: ORB_SLAM2::System::TrackMonocular(cv::Mat const&, double const&) (System.cc:283)
==374==    by 0x142479: ImageGrabber::GrabImage(boost::shared_ptr<sensor_msgs::Image_<std::allocator<void> > const> const&) (ros_mono.cc:132)
==374==    by 0x17D061: operator() (function_template.hpp:763)
==374==    by 0x17D061: boost::detail::function::void_function_obj_invoker1<boost::function<void (boost::shared_ptr<sensor_msgs::Image_<std::allocator<void> > const> const&)>, void, boost::shared_ptr<sensor_msgs::Image_<std::allocator<void> > const> >::invoke(boost::detail::function::function_buffer&, boost::shared_ptr<sensor_msgs::Image_<std::allocator<void> > const>) (function_template.hpp:158)
==374==    by 0x19595C: operator() (function_template.hpp:763)
==374==    by 0x19595C: ros::SubscriptionCallbackHelperT<boost::shared_ptr<sensor_msgs::Image_<std::allocator<void> > const> const&, void>::call(ros::SubscriptionCallbackHelperCallParams&) (subscription_callback_helper.h:144)
==374==    by 0x49A7548: ros::SubscriptionQueue::call() (in /opt/ros/noetic/lib/libroscpp.so)
==374==    by 0x4955301: ros::CallbackQueue::callOneCB(ros::CallbackQueue::TLS*) (in /opt/ros/noetic/lib/libroscpp.so)
==374==    by 0x4956D72: ros::CallbackQueue::callAvailable(ros::WallDuration) (in /opt/ros/noetic/lib/libroscpp.so)
==374==    by 0x49AA43E: ros::SingleThreadedSpinner::spin(ros::CallbackQueue*) (in /opt/ros/noetic/lib/libroscpp.so)
==374==    by 0x499260E: ros::spin() (in /opt/ros/noetic/lib/libroscpp.so)
==374==    by 0x13C22D: main (ros_mono.cc:101)
==374== 
==374== Use of uninitialised value of size 8
==374==    at 0x4DF7D72: begin (stl_map.h:364)
==374==    by 0x4DF7D72: ORB_SLAM2::ORBmatcher::SearchByBoW(ORB_SLAM2::KeyFrame*, ORB_SLAM2::Frame&, std::vector<ORB_SLAM2::MapPoint*, std::allocator<ORB_SLAM2::MapPoint*> >&) (ORBmatcher.cc:175)
==374==    by 0x4DCC6EF: ORB_SLAM2::Tracking::Relocalization() (Tracking.cc:1406)
==374==    by 0x4DCE529: ORB_SLAM2::Tracking::Track() (Tracking.cc:358)
==374==    by 0x4DD06DC: ORB_SLAM2::Tracking::GrabImageMonocular(cv::Mat const&, double const&) (Tracking.cc:284)
==374==    by 0x4DB8881: ORB_SLAM2::System::TrackMonocular(cv::Mat const&, double const&) (System.cc:283)
==374==    by 0x142479: ImageGrabber::GrabImage(boost::shared_ptr<sensor_msgs::Image_<std::allocator<void> > const> const&) (ros_mono.cc:132)
==374==    by 0x17D061: operator() (function_template.hpp:763)
==374==    by 0x17D061: boost::detail::function::void_function_obj_invoker1<boost::function<void (boost::shared_ptr<sensor_msgs::Image_<std::allocator<void> > const> const&)>, void, boost::shared_ptr<sensor_msgs::Image_<std::allocator<void> > const> >::invoke(boost::detail::function::function_buffer&, boost::shared_ptr<sensor_msgs::Image_<std::allocator<void> > const>) (function_template.hpp:158)
==374==    by 0x19595C: operator() (function_template.hpp:763)
==374==    by 0x19595C: ros::SubscriptionCallbackHelperT<boost::shared_ptr<sensor_msgs::Image_<std::allocator<void> > const> const&, void>::call(ros::SubscriptionCallbackHelperCallParams&) (subscription_callback_helper.h:144)
==374==    by 0x49A7548: ros::SubscriptionQueue::call() (in /opt/ros/noetic/lib/libroscpp.so)
==374==    by 0x4955301: ros::CallbackQueue::callOneCB(ros::CallbackQueue::TLS*) (in /opt/ros/noetic/lib/libroscpp.so)
==374==    by 0x4956D72: ros::CallbackQueue::callAvailable(ros::WallDuration) (in /opt/ros/noetic/lib/libroscpp.so)
==374==    by 0x49AA43E: ros::SingleThreadedSpinner::spin(ros::CallbackQueue*) (in /opt/ros/noetic/lib/libroscpp.so)
==374==    by 0x499260E: ros::spin() (in /opt/ros/noetic/lib/libroscpp.so)
==374==    by 0x13C22D: main (ros_mono.cc:101)
==374==  Uninitialised value was created by a heap allocation
==374==    at 0x483CFA3: operator new(unsigned long) (vg_replace_malloc.c:472)
==374==    by 0x4DCD249: ORB_SLAM2::Tracking::CreateNewKeyFrame() (Tracking.cc:1097)
==374==    by 0x4DCF747: ORB_SLAM2::Tracking::Track() (Tracking.cc:487)
==374==    by 0x4DD06DC: ORB_SLAM2::Tracking::GrabImageMonocular(cv::Mat const&, double const&) (Tracking.cc:284)
==374==    by 0x4DB8881: ORB_SLAM2::System::TrackMonocular(cv::Mat const&, double const&) (System.cc:283)
==374==    by 0x142479: ImageGrabber::GrabImage(boost::shared_ptr<sensor_msgs::Image_<std::allocator<void> > const> const&) (ros_mono.cc:132)
==374==    by 0x17D061: operator() (function_template.hpp:763)
==374==    by 0x17D061: boost::detail::function::void_function_obj_invoker1<boost::function<void (boost::shared_ptr<sensor_msgs::Image_<std::allocator<void> > const> const&)>, void, boost::shared_ptr<sensor_msgs::Image_<std::allocator<void> > const> >::invoke(boost::detail::function::function_buffer&, boost::shared_ptr<sensor_msgs::Image_<std::allocator<void> > const>) (function_template.hpp:158)
==374==    by 0x19595C: operator() (function_template.hpp:763)
==374==    by 0x19595C: ros::SubscriptionCallbackHelperT<boost::shared_ptr<sensor_msgs::Image_<std::allocator<void> > const> const&, void>::call(ros::SubscriptionCallbackHelperCallParams&) (subscription_callback_helper.h:144)
==374==    by 0x49A7548: ros::SubscriptionQueue::call() (in /opt/ros/noetic/lib/libroscpp.so)
==374==    by 0x4955301: ros::CallbackQueue::callOneCB(ros::CallbackQueue::TLS*) (in /opt/ros/noetic/lib/libroscpp.so)
==374==    by 0x4956D72: ros::CallbackQueue::callAvailable(ros::WallDuration) (in /opt/ros/noetic/lib/libroscpp.so)
==374==    by 0x49AA43E: ros::SingleThreadedSpinner::spin(ros::CallbackQueue*) (in /opt/ros/noetic/lib/libroscpp.so)
==374==    by 0x499260E: ros::spin() (in /opt/ros/noetic/lib/libroscpp.so)
==374==    by 0x13C22D: main (ros_mono.cc:101)
==374== 
==374== Conditional jump or move depends on uninitialised value(s)
==374==    at 0x4DF7DAC: ORB_SLAM2::ORBmatcher::SearchByBoW(ORB_SLAM2::KeyFrame*, ORB_SLAM2::Frame&, std::vector<ORB_SLAM2::MapPoint*, std::allocator<ORB_SLAM2::MapPoint*> >&) (ORBmatcher.cc:180)
==374==    by 0x4DCC6EF: ORB_SLAM2::Tracking::Relocalization() (Tracking.cc:1406)
==374==    by 0x4DCE529: ORB_SLAM2::Tracking::Track() (Tracking.cc:358)
==374==    by 0x4DD06DC: ORB_SLAM2::Tracking::GrabImageMonocular(cv::Mat const&, double const&) (Tracking.cc:284)
==374==    by 0x4DB8881: ORB_SLAM2::System::TrackMonocular(cv::Mat const&, double const&) (System.cc:283)
==374==    by 0x142479: ImageGrabber::GrabImage(boost::shared_ptr<sensor_msgs::Image_<std::allocator<void> > const> const&) (ros_mono.cc:132)
==374==    by 0x17D061: operator() (function_template.hpp:763)
==374==    by 0x17D061: boost::detail::function::void_function_obj_invoker1<boost::function<void (boost::shared_ptr<sensor_msgs::Image_<std::allocator<void> > const> const&)>, void, boost::shared_ptr<sensor_msgs::Image_<std::allocator<void> > const> >::invoke(boost::detail::function::function_buffer&, boost::shared_ptr<sensor_msgs::Image_<std::allocator<void> > const>) (function_template.hpp:158)
==374==    by 0x19595C: operator() (function_template.hpp:763)
==374==    by 0x19595C: ros::SubscriptionCallbackHelperT<boost::shared_ptr<sensor_msgs::Image_<std::allocator<void> > const> const&, void>::call(ros::SubscriptionCallbackHelperCallParams&) (subscription_callback_helper.h:144)
==374==    by 0x49A7548: ros::SubscriptionQueue::call() (in /opt/ros/noetic/lib/libroscpp.so)
==374==    by 0x4955301: ros::CallbackQueue::callOneCB(ros::CallbackQueue::TLS*) (in /opt/ros/noetic/lib/libroscpp.so)
==374==    by 0x4956D72: ros::CallbackQueue::callAvailable(ros::WallDuration) (in /opt/ros/noetic/lib/libroscpp.so)
==374==    by 0x49AA43E: ros::SingleThreadedSpinner::spin(ros::CallbackQueue*) (in /opt/ros/noetic/lib/libroscpp.so)
==374==    by 0x499260E: ros::spin() (in /opt/ros/noetic/lib/libroscpp.so)
==374==    by 0x13C22D: main (ros_mono.cc:101)
==374==  Uninitialised value was created by a heap allocation
==374==    at 0x483CFA3: operator new(unsigned long) (vg_replace_malloc.c:472)
==374==    by 0x4DCD249: ORB_SLAM2::Tracking::CreateNewKeyFrame() (Tracking.cc:1097)
==374==    by 0x4DCF747: ORB_SLAM2::Tracking::Track() (Tracking.cc:487)
==374==    by 0x4DD06DC: ORB_SLAM2::Tracking::GrabImageMonocular(cv::Mat const&, double const&) (Tracking.cc:284)
==374==    by 0x4DB8881: ORB_SLAM2::System::TrackMonocular(cv::Mat const&, double const&) (System.cc:283)
==374==    by 0x142479: ImageGrabber::GrabImage(boost::shared_ptr<sensor_msgs::Image_<std::allocator<void> > const> const&) (ros_mono.cc:132)
==374==    by 0x17D061: operator() (function_template.hpp:763)
==374==    by 0x17D061: boost::detail::function::void_function_obj_invoker1<boost::function<void (boost::shared_ptr<sensor_msgs::Image_<std::allocator<void> > const> const&)>, void, boost::shared_ptr<sensor_msgs::Image_<std::allocator<void> > const> >::invoke(boost::detail::function::function_buffer&, boost::shared_ptr<sensor_msgs::Image_<std::allocator<void> > const>) (function_template.hpp:158)
==374==    by 0x19595C: operator() (function_template.hpp:763)
==374==    by 0x19595C: ros::SubscriptionCallbackHelperT<boost::shared_ptr<sensor_msgs::Image_<std::allocator<void> > const> const&, void>::call(ros::SubscriptionCallbackHelperCallParams&) (subscription_callback_helper.h:144)
==374==    by 0x49A7548: ros::SubscriptionQueue::call() (in /opt/ros/noetic/lib/libroscpp.so)
==374==    by 0x4955301: ros::CallbackQueue::callOneCB(ros::CallbackQueue::TLS*) (in /opt/ros/noetic/lib/libroscpp.so)
==374==    by 0x4956D72: ros::CallbackQueue::callAvailable(ros::WallDuration) (in /opt/ros/noetic/lib/libroscpp.so)
==374==    by 0x49AA43E: ros::SingleThreadedSpinner::spin(ros::CallbackQueue*) (in /opt/ros/noetic/lib/libroscpp.so)
==374==    by 0x499260E: ros::spin() (in /opt/ros/noetic/lib/libroscpp.so)
==374==    by 0x13C22D: main (ros_mono.cc:101)
==374== 
==374== Use of uninitialised value of size 8
==374==    at 0x53A88E0: cv::Mat::Mat(cv::Mat const&, cv::Range const&, cv::Range const&) (in /usr/lib/x86_64-linux-gnu/libopencv_core.so.4.2.0)
==374==    by 0x4DF80A5: row (mat.inl.hpp:774)
==374==    by 0x4DF80A5: ORB_SLAM2::ORBmatcher::SearchByBoW(ORB_SLAM2::KeyFrame*, ORB_SLAM2::Frame&, std::vector<ORB_SLAM2::MapPoint*, std::allocator<ORB_SLAM2::MapPoint*> >&) (ORBmatcher.cc:199)
==374==    by 0x4DCC6EF: ORB_SLAM2::Tracking::Relocalization() (Tracking.cc:1406)
==374==    by 0x4DCE529: ORB_SLAM2::Tracking::Track() (Tracking.cc:358)
==374==    by 0x4DD06DC: ORB_SLAM2::Tracking::GrabImageMonocular(cv::Mat const&, double const&) (Tracking.cc:284)
==374==    by 0x4DB8881: ORB_SLAM2::System::TrackMonocular(cv::Mat const&, double const&) (System.cc:283)
==374==    by 0x142479: ImageGrabber::GrabImage(boost::shared_ptr<sensor_msgs::Image_<std::allocator<void> > const> const&) (ros_mono.cc:132)
==374==    by 0x17D061: operator() (function_template.hpp:763)
==374==    by 0x17D061: boost::detail::function::void_function_obj_invoker1<boost::function<void (boost::shared_ptr<sensor_msgs::Image_<std::allocator<void> > const> const&)>, void, boost::shared_ptr<sensor_msgs::Image_<std::allocator<void> > const> >::invoke(boost::detail::function::function_buffer&, boost::shared_ptr<sensor_msgs::Image_<std::allocator<void> > const>) (function_template.hpp:158)
==374==    by 0x19595C: operator() (function_template.hpp:763)
==374==    by 0x19595C: ros::SubscriptionCallbackHelperT<boost::shared_ptr<sensor_msgs::Image_<std::allocator<void> > const> const&, void>::call(ros::SubscriptionCallbackHelperCallParams&) (subscription_callback_helper.h:144)
==374==    by 0x49A7548: ros::SubscriptionQueue::call() (in /opt/ros/noetic/lib/libroscpp.so)
==374==    by 0x4955301: ros::CallbackQueue::callOneCB(ros::CallbackQueue::TLS*) (in /opt/ros/noetic/lib/libroscpp.so)
==374==    by 0x4956D72: ros::CallbackQueue::callAvailable(ros::WallDuration) (in /opt/ros/noetic/lib/libroscpp.so)
==374==    by 0x49AA43E: ros::SingleThreadedSpinner::spin(ros::CallbackQueue*) (in /opt/ros/noetic/lib/libroscpp.so)
==374==    by 0x499260E: ros::spin() (in /opt/ros/noetic/lib/libroscpp.so)
==374==    by 0x13C22D: main (ros_mono.cc:101)
==374==  Uninitialised value was created by a heap allocation
==374==    at 0x483CFA3: operator new(unsigned long) (vg_replace_malloc.c:472)
==374==    by 0x4DCD249: ORB_SLAM2::Tracking::CreateNewKeyFrame() (Tracking.cc:1097)
==374==    by 0x4DCF747: ORB_SLAM2::Tracking::Track() (Tracking.cc:487)
==374==    by 0x4DD06DC: ORB_SLAM2::Tracking::GrabImageMonocular(cv::Mat const&, double const&) (Tracking.cc:284)
==374==    by 0x4DB8881: ORB_SLAM2::System::TrackMonocular(cv::Mat const&, double const&) (System.cc:283)
==374==    by 0x142479: ImageGrabber::GrabImage(boost::shared_ptr<sensor_msgs::Image_<std::allocator<void> > const> const&) (ros_mono.cc:132)
==374==    by 0x17D061: operator() (function_template.hpp:763)
==374==    by 0x17D061: boost::detail::function::void_function_obj_invoker1<boost::function<void (boost::shared_ptr<sensor_msgs::Image_<std::allocator<void> > const> const&)>, void, boost::shared_ptr<sensor_msgs::Image_<std::allocator<void> > const> >::invoke(boost::detail::function::function_buffer&, boost::shared_ptr<sensor_msgs::Image_<std::allocator<void> > const>) (function_template.hpp:158)
==374==    by 0x19595C: operator() (function_template.hpp:763)
==374==    by 0x19595C: ros::SubscriptionCallbackHelperT<boost::shared_ptr<sensor_msgs::Image_<std::allocator<void> > const> const&, void>::call(ros::SubscriptionCallbackHelperCallParams&) (subscription_callback_helper.h:144)
==374==    by 0x49A7548: ros::SubscriptionQueue::call() (in /opt/ros/noetic/lib/libroscpp.so)
==374==    by 0x4955301: ros::CallbackQueue::callOneCB(ros::CallbackQueue::TLS*) (in /opt/ros/noetic/lib/libroscpp.so)
==374==    by 0x4956D72: ros::CallbackQueue::callAvailable(ros::WallDuration) (in /opt/ros/noetic/lib/libroscpp.so)
==374==    by 0x49AA43E: ros::SingleThreadedSpinner::spin(ros::CallbackQueue*) (in /opt/ros/noetic/lib/libroscpp.so)
==374==    by 0x499260E: ros::spin() (in /opt/ros/noetic/lib/libroscpp.so)
==374==    by 0x13C22D: main (ros_mono.cc:101)
==374== 
==374== Conditional jump or move depends on uninitialised value(s)
==374==    at 0x53A8BF6: cv::Mat::Mat(cv::Mat const&, cv::Range const&, cv::Range const&) (in /usr/lib/x86_64-linux-gnu/libopencv_core.so.4.2.0)
==374==    by 0x4DF80A5: row (mat.inl.hpp:774)
==374==    by 0x4DF80A5: ORB_SLAM2::ORBmatcher::SearchByBoW(ORB_SLAM2::KeyFrame*, ORB_SLAM2::Frame&, std::vector<ORB_SLAM2::MapPoint*, std::allocator<ORB_SLAM2::MapPoint*> >&) (ORBmatcher.cc:199)
==374==    by 0x4DCC6EF: ORB_SLAM2::Tracking::Relocalization() (Tracking.cc:1406)
==374==    by 0x4DCE529: ORB_SLAM2::Tracking::Track() (Tracking.cc:358)
==374==    by 0x4DD06DC: ORB_SLAM2::Tracking::GrabImageMonocular(cv::Mat const&, double const&) (Tracking.cc:284)
==374==    by 0x4DB8881: ORB_SLAM2::System::TrackMonocular(cv::Mat const&, double const&) (System.cc:283)
==374==    by 0x142479: ImageGrabber::GrabImage(boost::shared_ptr<sensor_msgs::Image_<std::allocator<void> > const> const&) (ros_mono.cc:132)
==374==    by 0x17D061: operator() (function_template.hpp:763)
==374==    by 0x17D061: boost::detail::function::void_function_obj_invoker1<boost::function<void (boost::shared_ptr<sensor_msgs::Image_<std::allocator<void> > const> const&)>, void, boost::shared_ptr<sensor_msgs::Image_<std::allocator<void> > const> >::invoke(boost::detail::function::function_buffer&, boost::shared_ptr<sensor_msgs::Image_<std::allocator<void> > const>) (function_template.hpp:158)
==374==    by 0x19595C: operator() (function_template.hpp:763)
==374==    by 0x19595C: ros::SubscriptionCallbackHelperT<boost::shared_ptr<sensor_msgs::Image_<std::allocator<void> > const> const&, void>::call(ros::SubscriptionCallbackHelperCallParams&) (subscription_callback_helper.h:144)
==374==    by 0x49A7548: ros::SubscriptionQueue::call() (in /opt/ros/noetic/lib/libroscpp.so)
==374==    by 0x4955301: ros::CallbackQueue::callOneCB(ros::CallbackQueue::TLS*) (in /opt/ros/noetic/lib/libroscpp.so)
==374==    by 0x4956D72: ros::CallbackQueue::callAvailable(ros::WallDuration) (in /opt/ros/noetic/lib/libroscpp.so)
==374==    by 0x49AA43E: ros::SingleThreadedSpinner::spin(ros::CallbackQueue*) (in /opt/ros/noetic/lib/libroscpp.so)
==374==    by 0x499260E: ros::spin() (in /opt/ros/noetic/lib/libroscpp.so)
==374==    by 0x13C22D: main (ros_mono.cc:101)
==374==  Uninitialised value was created by a heap allocation
==374==    at 0x483CFA3: operator new(unsigned long) (vg_replace_malloc.c:472)
==374==    by 0x4DCD249: ORB_SLAM2::Tracking::CreateNewKeyFrame() (Tracking.cc:1097)
==374==    by 0x4DCF747: ORB_SLAM2::Tracking::Track() (Tracking.cc:487)
==374==    by 0x4DD06DC: ORB_SLAM2::Tracking::GrabImageMonocular(cv::Mat const&, double const&) (Tracking.cc:284)
==374==    by 0x4DB8881: ORB_SLAM2::System::TrackMonocular(cv::Mat const&, double const&) (System.cc:283)
==374==    by 0x142479: ImageGrabber::GrabImage(boost::shared_ptr<sensor_msgs::Image_<std::allocator<void> > const> const&) (ros_mono.cc:132)
==374==    by 0x17D061: operator() (function_template.hpp:763)
==374==    by 0x17D061: boost::detail::function::void_function_obj_invoker1<boost::function<void (boost::shared_ptr<sensor_msgs::Image_<std::allocator<void> > const> const&)>, void, boost::shared_ptr<sensor_msgs::Image_<std::allocator<void> > const> >::invoke(boost::detail::function::function_buffer&, boost::shared_ptr<sensor_msgs::Image_<std::allocator<void> > const>) (function_template.hpp:158)
==374==    by 0x19595C: operator() (function_template.hpp:763)
==374==    by 0x19595C: ros::SubscriptionCallbackHelperT<boost::shared_ptr<sensor_msgs::Image_<std::allocator<void> > const> const&, void>::call(ros::SubscriptionCallbackHelperCallParams&) (subscription_callback_helper.h:144)
==374==    by 0x49A7548: ros::SubscriptionQueue::call() (in /opt/ros/noetic/lib/libroscpp.so)
==374==    by 0x4955301: ros::CallbackQueue::callOneCB(ros::CallbackQueue::TLS*) (in /opt/ros/noetic/lib/libroscpp.so)
==374==    by 0x4956D72: ros::CallbackQueue::callAvailable(ros::WallDuration) (in /opt/ros/noetic/lib/libroscpp.so)
==374==    by 0x49AA43E: ros::SingleThreadedSpinner::spin(ros::CallbackQueue*) (in /opt/ros/noetic/lib/libroscpp.so)
==374==    by 0x499260E: ros::spin() (in /opt/ros/noetic/lib/libroscpp.so)
==374==    by 0x13C22D: main (ros_mono.cc:101)
==374== 
==374== Use of uninitialised value of size 8
==374==    at 0x53A8BFC: cv::Mat::Mat(cv::Mat const&, cv::Range const&, cv::Range const&) (in /usr/lib/x86_64-linux-gnu/libopencv_core.so.4.2.0)
==374==    by 0x4DF80A5: row (mat.inl.hpp:774)
==374==    by 0x4DF80A5: ORB_SLAM2::ORBmatcher::SearchByBoW(ORB_SLAM2::KeyFrame*, ORB_SLAM2::Frame&, std::vector<ORB_SLAM2::MapPoint*, std::allocator<ORB_SLAM2::MapPoint*> >&) (ORBmatcher.cc:199)
==374==    by 0x4DCC6EF: ORB_SLAM2::Tracking::Relocalization() (Tracking.cc:1406)
==374==    by 0x4DCE529: ORB_SLAM2::Tracking::Track() (Tracking.cc:358)
==374==    by 0x4DD06DC: ORB_SLAM2::Tracking::GrabImageMonocular(cv::Mat const&, double const&) (Tracking.cc:284)
==374==    by 0x4DB8881: ORB_SLAM2::System::TrackMonocular(cv::Mat const&, double const&) (System.cc:283)
==374==    by 0x142479: ImageGrabber::GrabImage(boost::shared_ptr<sensor_msgs::Image_<std::allocator<void> > const> const&) (ros_mono.cc:132)
==374==    by 0x17D061: operator() (function_template.hpp:763)
==374==    by 0x17D061: boost::detail::function::void_function_obj_invoker1<boost::function<void (boost::shared_ptr<sensor_msgs::Image_<std::allocator<void> > const> const&)>, void, boost::shared_ptr<sensor_msgs::Image_<std::allocator<void> > const> >::invoke(boost::detail::function::function_buffer&, boost::shared_ptr<sensor_msgs::Image_<std::allocator<void> > const>) (function_template.hpp:158)
==374==    by 0x19595C: operator() (function_template.hpp:763)
==374==    by 0x19595C: ros::SubscriptionCallbackHelperT<boost::shared_ptr<sensor_msgs::Image_<std::allocator<void> > const> const&, void>::call(ros::SubscriptionCallbackHelperCallParams&) (subscription_callback_helper.h:144)
==374==    by 0x49A7548: ros::SubscriptionQueue::call() (in /opt/ros/noetic/lib/libroscpp.so)
==374==    by 0x4955301: ros::CallbackQueue::callOneCB(ros::CallbackQueue::TLS*) (in /opt/ros/noetic/lib/libroscpp.so)
==374==    by 0x4956D72: ros::CallbackQueue::callAvailable(ros::WallDuration) (in /opt/ros/noetic/lib/libroscpp.so)
==374==    by 0x49AA43E: ros::SingleThreadedSpinner::spin(ros::CallbackQueue*) (in /opt/ros/noetic/lib/libroscpp.so)
==374==    by 0x499260E: ros::spin() (in /opt/ros/noetic/lib/libroscpp.so)
==374==    by 0x13C22D: main (ros_mono.cc:101)
==374==  Uninitialised value was created by a heap allocation
==374==    at 0x483CFA3: operator new(unsigned long) (vg_replace_malloc.c:472)
==374==    by 0x4DCD249: ORB_SLAM2::Tracking::CreateNewKeyFrame() (Tracking.cc:1097)
==374==    by 0x4DCF747: ORB_SLAM2::Tracking::Track() (Tracking.cc:487)
==374==    by 0x4DD06DC: ORB_SLAM2::Tracking::GrabImageMonocular(cv::Mat const&, double const&) (Tracking.cc:284)
==374==    by 0x4DB8881: ORB_SLAM2::System::TrackMonocular(cv::Mat const&, double const&) (System.cc:283)
==374==    by 0x142479: ImageGrabber::GrabImage(boost::shared_ptr<sensor_msgs::Image_<std::allocator<void> > const> const&) (ros_mono.cc:132)
==374==    by 0x17D061: operator() (function_template.hpp:763)
==374==    by 0x17D061: boost::detail::function::void_function_obj_invoker1<boost::function<void (boost::shared_ptr<sensor_msgs::Image_<std::allocator<void> > const> const&)>, void, boost::shared_ptr<sensor_msgs::Image_<std::allocator<void> > const> >::invoke(boost::detail::function::function_buffer&, boost::shared_ptr<sensor_msgs::Image_<std::allocator<void> > const>) (function_template.hpp:158)
==374==    by 0x19595C: operator() (function_template.hpp:763)
==374==    by 0x19595C: ros::SubscriptionCallbackHelperT<boost::shared_ptr<sensor_msgs::Image_<std::allocator<void> > const> const&, void>::call(ros::SubscriptionCallbackHelperCallParams&) (subscription_callback_helper.h:144)
==374==    by 0x49A7548: ros::SubscriptionQueue::call() (in /opt/ros/noetic/lib/libroscpp.so)
==374==    by 0x4955301: ros::CallbackQueue::callOneCB(ros::CallbackQueue::TLS*) (in /opt/ros/noetic/lib/libroscpp.so)
==374==    by 0x4956D72: ros::CallbackQueue::callAvailable(ros::WallDuration) (in /opt/ros/noetic/lib/libroscpp.so)
==374==    by 0x49AA43E: ros::SingleThreadedSpinner::spin(ros::CallbackQueue*) (in /opt/ros/noetic/lib/libroscpp.so)
==374==    by 0x499260E: ros::spin() (in /opt/ros/noetic/lib/libroscpp.so)
==374==    by 0x13C22D: main (ros_mono.cc:101)
==374== 
==374== Use of uninitialised value of size 8
==374==    at 0x53A8F14: cv::Mat::Mat(cv::Mat const&, cv::Range const&, cv::Range const&) (in /usr/lib/x86_64-linux-gnu/libopencv_core.so.4.2.0)
==374==    by 0x4DF80A5: row (mat.inl.hpp:774)
==374==    by 0x4DF80A5: ORB_SLAM2::ORBmatcher::SearchByBoW(ORB_SLAM2::KeyFrame*, ORB_SLAM2::Frame&, std::vector<ORB_SLAM2::MapPoint*, std::allocator<ORB_SLAM2::MapPoint*> >&) (ORBmatcher.cc:199)
==374==    by 0x4DCC6EF: ORB_SLAM2::Tracking::Relocalization() (Tracking.cc:1406)
==374==    by 0x4DCE529: ORB_SLAM2::Tracking::Track() (Tracking.cc:358)
==374==    by 0x4DD06DC: ORB_SLAM2::Tracking::GrabImageMonocular(cv::Mat const&, double const&) (Tracking.cc:284)
==374==    by 0x4DB8881: ORB_SLAM2::System::TrackMonocular(cv::Mat const&, double const&) (System.cc:283)
==374==    by 0x142479: ImageGrabber::GrabImage(boost::shared_ptr<sensor_msgs::Image_<std::allocator<void> > const> const&) (ros_mono.cc:132)
==374==    by 0x17D061: operator() (function_template.hpp:763)
==374==    by 0x17D061: boost::detail::function::void_function_obj_invoker1<boost::function<void (boost::shared_ptr<sensor_msgs::Image_<std::allocator<void> > const> const&)>, void, boost::shared_ptr<sensor_msgs::Image_<std::allocator<void> > const> >::invoke(boost::detail::function::function_buffer&, boost::shared_ptr<sensor_msgs::Image_<std::allocator<void> > const>) (function_template.hpp:158)
==374==    by 0x19595C: operator() (function_template.hpp:763)
==374==    by 0x19595C: ros::SubscriptionCallbackHelperT<boost::shared_ptr<sensor_msgs::Image_<std::allocator<void> > const> const&, void>::call(ros::SubscriptionCallbackHelperCallParams&) (subscription_callback_helper.h:144)
==374==    by 0x49A7548: ros::SubscriptionQueue::call() (in /opt/ros/noetic/lib/libroscpp.so)
==374==    by 0x4955301: ros::CallbackQueue::callOneCB(ros::CallbackQueue::TLS*) (in /opt/ros/noetic/lib/libroscpp.so)
==374==    by 0x4956D72: ros::CallbackQueue::callAvailable(ros::WallDuration) (in /opt/ros/noetic/lib/libroscpp.so)
==374==    by 0x49AA43E: ros::SingleThreadedSpinner::spin(ros::CallbackQueue*) (in /opt/ros/noetic/lib/libroscpp.so)
==374==    by 0x499260E: ros::spin() (in /opt/ros/noetic/lib/libroscpp.so)
==374==    by 0x13C22D: main (ros_mono.cc:101)
==374==  Uninitialised value was created by a heap allocation
==374==    at 0x483CFA3: operator new(unsigned long) (vg_replace_malloc.c:472)
==374==    by 0x4DCD249: ORB_SLAM2::Tracking::CreateNewKeyFrame() (Tracking.cc:1097)
==374==    by 0x4DCF747: ORB_SLAM2::Tracking::Track() (Tracking.cc:487)
==374==    by 0x4DD06DC: ORB_SLAM2::Tracking::GrabImageMonocular(cv::Mat const&, double const&) (Tracking.cc:284)
==374==    by 0x4DB8881: ORB_SLAM2::System::TrackMonocular(cv::Mat const&, double const&) (System.cc:283)
==374==    by 0x142479: ImageGrabber::GrabImage(boost::shared_ptr<sensor_msgs::Image_<std::allocator<void> > const> const&) (ros_mono.cc:132)
==374==    by 0x17D061: operator() (function_template.hpp:763)
==374==    by 0x17D061: boost::detail::function::void_function_obj_invoker1<boost::function<void (boost::shared_ptr<sensor_msgs::Image_<std::allocator<void> > const> const&)>, void, boost::shared_ptr<sensor_msgs::Image_<std::allocator<void> > const> >::invoke(boost::detail::function::function_buffer&, boost::shared_ptr<sensor_msgs::Image_<std::allocator<void> > const>) (function_template.hpp:158)
==374==    by 0x19595C: operator() (function_template.hpp:763)
==374==    by 0x19595C: ros::SubscriptionCallbackHelperT<boost::shared_ptr<sensor_msgs::Image_<std::allocator<void> > const> const&, void>::call(ros::SubscriptionCallbackHelperCallParams&) (subscription_callback_helper.h:144)
==374==    by 0x49A7548: ros::SubscriptionQueue::call() (in /opt/ros/noetic/lib/libroscpp.so)
==374==    by 0x4955301: ros::CallbackQueue::callOneCB(ros::CallbackQueue::TLS*) (in /opt/ros/noetic/lib/libroscpp.so)
==374==    by 0x4956D72: ros::CallbackQueue::callAvailable(ros::WallDuration) (in /opt/ros/noetic/lib/libroscpp.so)
==374==    by 0x49AA43E: ros::SingleThreadedSpinner::spin(ros::CallbackQueue*) (in /opt/ros/noetic/lib/libroscpp.so)
==374==    by 0x499260E: ros::spin() (in /opt/ros/noetic/lib/libroscpp.so)
==374==    by 0x13C22D: main (ros_mono.cc:101)
==374== 
==374== Use of uninitialised value of size 8
==374==    at 0x53A8EE3: cv::Mat::Mat(cv::Mat const&, cv::Range const&, cv::Range const&) (in /usr/lib/x86_64-linux-gnu/libopencv_core.so.4.2.0)
==374==    by 0x4DF80A5: row (mat.inl.hpp:774)
==374==    by 0x4DF80A5: ORB_SLAM2::ORBmatcher::SearchByBoW(ORB_SLAM2::KeyFrame*, ORB_SLAM2::Frame&, std::vector<ORB_SLAM2::MapPoint*, std::allocator<ORB_SLAM2::MapPoint*> >&) (ORBmatcher.cc:199)
==374==    by 0x4DCC6EF: ORB_SLAM2::Tracking::Relocalization() (Tracking.cc:1406)
==374==    by 0x4DCE529: ORB_SLAM2::Tracking::Track() (Tracking.cc:358)
==374==    by 0x4DD06DC: ORB_SLAM2::Tracking::GrabImageMonocular(cv::Mat const&, double const&) (Tracking.cc:284)
==374==    by 0x4DB8881: ORB_SLAM2::System::TrackMonocular(cv::Mat const&, double const&) (System.cc:283)
==374==    by 0x142479: ImageGrabber::GrabImage(boost::shared_ptr<sensor_msgs::Image_<std::allocator<void> > const> const&) (ros_mono.cc:132)
==374==    by 0x17D061: operator() (function_template.hpp:763)
==374==    by 0x17D061: boost::detail::function::void_function_obj_invoker1<boost::function<void (boost::shared_ptr<sensor_msgs::Image_<std::allocator<void> > const> const&)>, void, boost::shared_ptr<sensor_msgs::Image_<std::allocator<void> > const> >::invoke(boost::detail::function::function_buffer&, boost::shared_ptr<sensor_msgs::Image_<std::allocator<void> > const>) (function_template.hpp:158)
==374==    by 0x19595C: operator() (function_template.hpp:763)
==374==    by 0x19595C: ros::SubscriptionCallbackHelperT<boost::shared_ptr<sensor_msgs::Image_<std::allocator<void> > const> const&, void>::call(ros::SubscriptionCallbackHelperCallParams&) (subscription_callback_helper.h:144)
==374==    by 0x49A7548: ros::SubscriptionQueue::call() (in /opt/ros/noetic/lib/libroscpp.so)
==374==    by 0x4955301: ros::CallbackQueue::callOneCB(ros::CallbackQueue::TLS*) (in /opt/ros/noetic/lib/libroscpp.so)
==374==    by 0x4956D72: ros::CallbackQueue::callAvailable(ros::WallDuration) (in /opt/ros/noetic/lib/libroscpp.so)
==374==    by 0x49AA43E: ros::SingleThreadedSpinner::spin(ros::CallbackQueue*) (in /opt/ros/noetic/lib/libroscpp.so)
==374==    by 0x499260E: ros::spin() (in /opt/ros/noetic/lib/libroscpp.so)
==374==    by 0x13C22D: main (ros_mono.cc:101)
==374==  Uninitialised value was created by a heap allocation
==374==    at 0x483CFA3: operator new(unsigned long) (vg_replace_malloc.c:472)
==374==    by 0x4DCD249: ORB_SLAM2::Tracking::CreateNewKeyFrame() (Tracking.cc:1097)
==374==    by 0x4DCF747: ORB_SLAM2::Tracking::Track() (Tracking.cc:487)
==374==    by 0x4DD06DC: ORB_SLAM2::Tracking::GrabImageMonocular(cv::Mat const&, double const&) (Tracking.cc:284)
==374==    by 0x4DB8881: ORB_SLAM2::System::TrackMonocular(cv::Mat const&, double const&) (System.cc:283)
==374==    by 0x142479: ImageGrabber::GrabImage(boost::shared_ptr<sensor_msgs::Image_<std::allocator<void> > const> const&) (ros_mono.cc:132)
==374==    by 0x17D061: operator() (function_template.hpp:763)
==374==    by 0x17D061: boost::detail::function::void_function_obj_invoker1<boost::function<void (boost::shared_ptr<sensor_msgs::Image_<std::allocator<void> > const> const&)>, void, boost::shared_ptr<sensor_msgs::Image_<std::allocator<void> > const> >::invoke(boost::detail::function::function_buffer&, boost::shared_ptr<sensor_msgs::Image_<std::allocator<void> > const>) (function_template.hpp:158)
==374==    by 0x19595C: operator() (function_template.hpp:763)
==374==    by 0x19595C: ros::SubscriptionCallbackHelperT<boost::shared_ptr<sensor_msgs::Image_<std::allocator<void> > const> const&, void>::call(ros::SubscriptionCallbackHelperCallParams&) (subscription_callback_helper.h:144)
==374==    by 0x49A7548: ros::SubscriptionQueue::call() (in /opt/ros/noetic/lib/libroscpp.so)
==374==    by 0x4955301: ros::CallbackQueue::callOneCB(ros::CallbackQueue::TLS*) (in /opt/ros/noetic/lib/libroscpp.so)
==374==    by 0x4956D72: ros::CallbackQueue::callAvailable(ros::WallDuration) (in /opt/ros/noetic/lib/libroscpp.so)
==374==    by 0x49AA43E: ros::SingleThreadedSpinner::spin(ros::CallbackQueue*) (in /opt/ros/noetic/lib/libroscpp.so)
==374==    by 0x499260E: ros::spin() (in /opt/ros/noetic/lib/libroscpp.so)
==374==    by 0x13C22D: main (ros_mono.cc:101)
==374== 
==374== Use of uninitialised value of size 8
==374==    at 0x53A8C9D: cv::Mat::Mat(cv::Mat const&, cv::Range const&, cv::Range const&) (in /usr/lib/x86_64-linux-gnu/libopencv_core.so.4.2.0)
==374==    by 0x4DF80A5: row (mat.inl.hpp:774)
==374==    by 0x4DF80A5: ORB_SLAM2::ORBmatcher::SearchByBoW(ORB_SLAM2::KeyFrame*, ORB_SLAM2::Frame&, std::vector<ORB_SLAM2::MapPoint*, std::allocator<ORB_SLAM2::MapPoint*> >&) (ORBmatcher.cc:199)
==374==    by 0x4DCC6EF: ORB_SLAM2::Tracking::Relocalization() (Tracking.cc:1406)
==374==    by 0x4DCE529: ORB_SLAM2::Tracking::Track() (Tracking.cc:358)
==374==    by 0x4DD06DC: ORB_SLAM2::Tracking::GrabImageMonocular(cv::Mat const&, double const&) (Tracking.cc:284)
==374==    by 0x4DB8881: ORB_SLAM2::System::TrackMonocular(cv::Mat const&, double const&) (System.cc:283)
==374==    by 0x142479: ImageGrabber::GrabImage(boost::shared_ptr<sensor_msgs::Image_<std::allocator<void> > const> const&) (ros_mono.cc:132)
==374==    by 0x17D061: operator() (function_template.hpp:763)
==374==    by 0x17D061: boost::detail::function::void_function_obj_invoker1<boost::function<void (boost::shared_ptr<sensor_msgs::Image_<std::allocator<void> > const> const&)>, void, boost::shared_ptr<sensor_msgs::Image_<std::allocator<void> > const> >::invoke(boost::detail::function::function_buffer&, boost::shared_ptr<sensor_msgs::Image_<std::allocator<void> > const>) (function_template.hpp:158)
==374==    by 0x19595C: operator() (function_template.hpp:763)
==374==    by 0x19595C: ros::SubscriptionCallbackHelperT<boost::shared_ptr<sensor_msgs::Image_<std::allocator<void> > const> const&, void>::call(ros::SubscriptionCallbackHelperCallParams&) (subscription_callback_helper.h:144)
==374==    by 0x49A7548: ros::SubscriptionQueue::call() (in /opt/ros/noetic/lib/libroscpp.so)
==374==    by 0x4955301: ros::CallbackQueue::callOneCB(ros::CallbackQueue::TLS*) (in /opt/ros/noetic/lib/libroscpp.so)
==374==    by 0x4956D72: ros::CallbackQueue::callAvailable(ros::WallDuration) (in /opt/ros/noetic/lib/libroscpp.so)
==374==    by 0x49AA43E: ros::SingleThreadedSpinner::spin(ros::CallbackQueue*) (in /opt/ros/noetic/lib/libroscpp.so)
==374==    by 0x499260E: ros::spin() (in /opt/ros/noetic/lib/libroscpp.so)
==374==    by 0x13C22D: main (ros_mono.cc:101)
==374==  Uninitialised value was created by a heap allocation
==374==    at 0x483CFA3: operator new(unsigned long) (vg_replace_malloc.c:472)
==374==    by 0x4DCD249: ORB_SLAM2::Tracking::CreateNewKeyFrame() (Tracking.cc:1097)
==374==    by 0x4DCF747: ORB_SLAM2::Tracking::Track() (Tracking.cc:487)
==374==    by 0x4DD06DC: ORB_SLAM2::Tracking::GrabImageMonocular(cv::Mat const&, double const&) (Tracking.cc:284)
==374==    by 0x4DB8881: ORB_SLAM2::System::TrackMonocular(cv::Mat const&, double const&) (System.cc:283)
==374==    by 0x142479: ImageGrabber::GrabImage(boost::shared_ptr<sensor_msgs::Image_<std::allocator<void> > const> const&) (ros_mono.cc:132)
==374==    by 0x17D061: operator() (function_template.hpp:763)
==374==    by 0x17D061: boost::detail::function::void_function_obj_invoker1<boost::function<void (boost::shared_ptr<sensor_msgs::Image_<std::allocator<void> > const> const&)>, void, boost::shared_ptr<sensor_msgs::Image_<std::allocator<void> > const> >::invoke(boost::detail::function::function_buffer&, boost::shared_ptr<sensor_msgs::Image_<std::allocator<void> > const>) (function_template.hpp:158)
==374==    by 0x19595C: operator() (function_template.hpp:763)
==374==    by 0x19595C: ros::SubscriptionCallbackHelperT<boost::shared_ptr<sensor_msgs::Image_<std::allocator<void> > const> const&, void>::call(ros::SubscriptionCallbackHelperCallParams&) (subscription_callback_helper.h:144)
==374==    by 0x49A7548: ros::SubscriptionQueue::call() (in /opt/ros/noetic/lib/libroscpp.so)
==374==    by 0x4955301: ros::CallbackQueue::callOneCB(ros::CallbackQueue::TLS*) (in /opt/ros/noetic/lib/libroscpp.so)
==374==    by 0x4956D72: ros::CallbackQueue::callAvailable(ros::WallDuration) (in /opt/ros/noetic/lib/libroscpp.so)
==374==    by 0x49AA43E: ros::SingleThreadedSpinner::spin(ros::CallbackQueue*) (in /opt/ros/noetic/lib/libroscpp.so)
==374==    by 0x499260E: ros::spin() (in /opt/ros/noetic/lib/libroscpp.so)
==374==    by 0x13C22D: main (ros_mono.cc:101)
==374== 
==374== Use of uninitialised value of size 8
==374==    at 0x53A8CF4: cv::Mat::Mat(cv::Mat const&, cv::Range const&, cv::Range const&) (in /usr/lib/x86_64-linux-gnu/libopencv_core.so.4.2.0)
==374==    by 0x4DF80A5: row (mat.inl.hpp:774)
==374==    by 0x4DF80A5: ORB_SLAM2::ORBmatcher::SearchByBoW(ORB_SLAM2::KeyFrame*, ORB_SLAM2::Frame&, std::vector<ORB_SLAM2::MapPoint*, std::allocator<ORB_SLAM2::MapPoint*> >&) (ORBmatcher.cc:199)
==374==    by 0x4DCC6EF: ORB_SLAM2::Tracking::Relocalization() (Tracking.cc:1406)
==374==    by 0x4DCE529: ORB_SLAM2::Tracking::Track() (Tracking.cc:358)
==374==    by 0x4DD06DC: ORB_SLAM2::Tracking::GrabImageMonocular(cv::Mat const&, double const&) (Tracking.cc:284)
==374==    by 0x4DB8881: ORB_SLAM2::System::TrackMonocular(cv::Mat const&, double const&) (System.cc:283)
==374==    by 0x142479: ImageGrabber::GrabImage(boost::shared_ptr<sensor_msgs::Image_<std::allocator<void> > const> const&) (ros_mono.cc:132)
==374==    by 0x17D061: operator() (function_template.hpp:763)
==374==    by 0x17D061: boost::detail::function::void_function_obj_invoker1<boost::function<void (boost::shared_ptr<sensor_msgs::Image_<std::allocator<void> > const> const&)>, void, boost::shared_ptr<sensor_msgs::Image_<std::allocator<void> > const> >::invoke(boost::detail::function::function_buffer&, boost::shared_ptr<sensor_msgs::Image_<std::allocator<void> > const>) (function_template.hpp:158)
==374==    by 0x19595C: operator() (function_template.hpp:763)
==374==    by 0x19595C: ros::SubscriptionCallbackHelperT<boost::shared_ptr<sensor_msgs::Image_<std::allocator<void> > const> const&, void>::call(ros::SubscriptionCallbackHelperCallParams&) (subscription_callback_helper.h:144)
==374==    by 0x49A7548: ros::SubscriptionQueue::call() (in /opt/ros/noetic/lib/libroscpp.so)
==374==    by 0x4955301: ros::CallbackQueue::callOneCB(ros::CallbackQueue::TLS*) (in /opt/ros/noetic/lib/libroscpp.so)
==374==    by 0x4956D72: ros::CallbackQueue::callAvailable(ros::WallDuration) (in /opt/ros/noetic/lib/libroscpp.so)
==374==    by 0x49AA43E: ros::SingleThreadedSpinner::spin(ros::CallbackQueue*) (in /opt/ros/noetic/lib/libroscpp.so)
==374==    by 0x499260E: ros::spin() (in /opt/ros/noetic/lib/libroscpp.so)
==374==    by 0x13C22D: main (ros_mono.cc:101)
==374==  Uninitialised value was created by a heap allocation
==374==    at 0x483CFA3: operator new(unsigned long) (vg_replace_malloc.c:472)
==374==    by 0x4DCD249: ORB_SLAM2::Tracking::CreateNewKeyFrame() (Tracking.cc:1097)
==374==    by 0x4DCF747: ORB_SLAM2::Tracking::Track() (Tracking.cc:487)
==374==    by 0x4DD06DC: ORB_SLAM2::Tracking::GrabImageMonocular(cv::Mat const&, double const&) (Tracking.cc:284)
==374==    by 0x4DB8881: ORB_SLAM2::System::TrackMonocular(cv::Mat const&, double const&) (System.cc:283)
==374==    by 0x142479: ImageGrabber::GrabImage(boost::shared_ptr<sensor_msgs::Image_<std::allocator<void> > const> const&) (ros_mono.cc:132)
==374==    by 0x17D061: operator() (function_template.hpp:763)
==374==    by 0x17D061: boost::detail::function::void_function_obj_invoker1<boost::function<void (boost::shared_ptr<sensor_msgs::Image_<std::allocator<void> > const> const&)>, void, boost::shared_ptr<sensor_msgs::Image_<std::allocator<void> > const> >::invoke(boost::detail::function::function_buffer&, boost::shared_ptr<sensor_msgs::Image_<std::allocator<void> > const>) (function_template.hpp:158)
==374==    by 0x19595C: operator() (function_template.hpp:763)
==374==    by 0x19595C: ros::SubscriptionCallbackHelperT<boost::shared_ptr<sensor_msgs::Image_<std::allocator<void> > const> const&, void>::call(ros::SubscriptionCallbackHelperCallParams&) (subscription_callback_helper.h:144)
==374==    by 0x49A7548: ros::SubscriptionQueue::call() (in /opt/ros/noetic/lib/libroscpp.so)
==374==    by 0x4955301: ros::CallbackQueue::callOneCB(ros::CallbackQueue::TLS*) (in /opt/ros/noetic/lib/libroscpp.so)
==374==    by 0x4956D72: ros::CallbackQueue::callAvailable(ros::WallDuration) (in /opt/ros/noetic/lib/libroscpp.so)
==374==    by 0x49AA43E: ros::SingleThreadedSpinner::spin(ros::CallbackQueue*) (in /opt/ros/noetic/lib/libroscpp.so)
==374==    by 0x499260E: ros::spin() (in /opt/ros/noetic/lib/libroscpp.so)
==374==    by 0x13C22D: main (ros_mono.cc:101)
==374== 
==374== Conditional jump or move depends on uninitialised value(s)
==374==    at 0x4DF7E1B: ORB_SLAM2::ORBmatcher::SearchByBoW(ORB_SLAM2::KeyFrame*, ORB_SLAM2::Frame&, std::vector<ORB_SLAM2::MapPoint*, std::allocator<ORB_SLAM2::MapPoint*> >&) (ORBmatcher.cc:180)
==374==    by 0x4DCC6EF: ORB_SLAM2::Tracking::Relocalization() (Tracking.cc:1406)
==374==    by 0x4DCE529: ORB_SLAM2::Tracking::Track() (Tracking.cc:358)
==374==    by 0x4DD06DC: ORB_SLAM2::Tracking::GrabImageMonocular(cv::Mat const&, double const&) (Tracking.cc:284)
==374==    by 0x4DB8881: ORB_SLAM2::System::TrackMonocular(cv::Mat const&, double const&) (System.cc:283)
==374==    by 0x142479: ImageGrabber::GrabImage(boost::shared_ptr<sensor_msgs::Image_<std::allocator<void> > const> const&) (ros_mono.cc:132)
==374==    by 0x17D061: operator() (function_template.hpp:763)
==374==    by 0x17D061: boost::detail::function::void_function_obj_invoker1<boost::function<void (boost::shared_ptr<sensor_msgs::Image_<std::allocator<void> > const> const&)>, void, boost::shared_ptr<sensor_msgs::Image_<std::allocator<void> > const> >::invoke(boost::detail::function::function_buffer&, boost::shared_ptr<sensor_msgs::Image_<std::allocator<void> > const>) (function_template.hpp:158)
==374==    by 0x19595C: operator() (function_template.hpp:763)
==374==    by 0x19595C: ros::SubscriptionCallbackHelperT<boost::shared_ptr<sensor_msgs::Image_<std::allocator<void> > const> const&, void>::call(ros::SubscriptionCallbackHelperCallParams&) (subscription_callback_helper.h:144)
==374==    by 0x49A7548: ros::SubscriptionQueue::call() (in /opt/ros/noetic/lib/libroscpp.so)
==374==    by 0x4955301: ros::CallbackQueue::callOneCB(ros::CallbackQueue::TLS*) (in /opt/ros/noetic/lib/libroscpp.so)
==374==    by 0x4956D72: ros::CallbackQueue::callAvailable(ros::WallDuration) (in /opt/ros/noetic/lib/libroscpp.so)
==374==    by 0x49AA43E: ros::SingleThreadedSpinner::spin(ros::CallbackQueue*) (in /opt/ros/noetic/lib/libroscpp.so)
==374==    by 0x499260E: ros::spin() (in /opt/ros/noetic/lib/libroscpp.so)
==374==    by 0x13C22D: main (ros_mono.cc:101)
==374==  Uninitialised value was created by a heap allocation
==374==    at 0x483CFA3: operator new(unsigned long) (vg_replace_malloc.c:472)
==374==    by 0x4DCD249: ORB_SLAM2::Tracking::CreateNewKeyFrame() (Tracking.cc:1097)
==374==    by 0x4DCF747: ORB_SLAM2::Tracking::Track() (Tracking.cc:487)
==374==    by 0x4DD06DC: ORB_SLAM2::Tracking::GrabImageMonocular(cv::Mat const&, double const&) (Tracking.cc:284)
==374==    by 0x4DB8881: ORB_SLAM2::System::TrackMonocular(cv::Mat const&, double const&) (System.cc:283)
==374==    by 0x142479: ImageGrabber::GrabImage(boost::shared_ptr<sensor_msgs::Image_<std::allocator<void> > const> const&) (ros_mono.cc:132)
==374==    by 0x17D061: operator() (function_template.hpp:763)
==374==    by 0x17D061: boost::detail::function::void_function_obj_invoker1<boost::function<void (boost::shared_ptr<sensor_msgs::Image_<std::allocator<void> > const> const&)>, void, boost::shared_ptr<sensor_msgs::Image_<std::allocator<void> > const> >::invoke(boost::detail::function::function_buffer&, boost::shared_ptr<sensor_msgs::Image_<std::allocator<void> > const>) (function_template.hpp:158)
==374==    by 0x19595C: operator() (function_template.hpp:763)
==374==    by 0x19595C: ros::SubscriptionCallbackHelperT<boost::shared_ptr<sensor_msgs::Image_<std::allocator<void> > const> const&, void>::call(ros::SubscriptionCallbackHelperCallParams&) (subscription_callback_helper.h:144)
==374==    by 0x49A7548: ros::SubscriptionQueue::call() (in /opt/ros/noetic/lib/libroscpp.so)
==374==    by 0x4955301: ros::CallbackQueue::callOneCB(ros::CallbackQueue::TLS*) (in /opt/ros/noetic/lib/libroscpp.so)
==374==    by 0x4956D72: ros::CallbackQueue::callAvailable(ros::WallDuration) (in /opt/ros/noetic/lib/libroscpp.so)
==374==    by 0x49AA43E: ros::SingleThreadedSpinner::spin(ros::CallbackQueue*) (in /opt/ros/noetic/lib/libroscpp.so)
==374==    by 0x499260E: ros::spin() (in /opt/ros/noetic/lib/libroscpp.so)
==374==    by 0x13C22D: main (ros_mono.cc:101)
==374== 
==374== Use of uninitialised value of size 8
==374==    at 0x4DF8285: ORB_SLAM2::ORBmatcher::SearchByBoW(ORB_SLAM2::KeyFrame*, ORB_SLAM2::Frame&, std::vector<ORB_SLAM2::MapPoint*, std::allocator<ORB_SLAM2::MapPoint*> >&) (ORBmatcher.cc:238)
==374==    by 0x4DCC6EF: ORB_SLAM2::Tracking::Relocalization() (Tracking.cc:1406)
==374==    by 0x4DCE529: ORB_SLAM2::Tracking::Track() (Tracking.cc:358)
==374==    by 0x4DD06DC: ORB_SLAM2::Tracking::GrabImageMonocular(cv::Mat const&, double const&) (Tracking.cc:284)
==374==    by 0x4DB8881: ORB_SLAM2::System::TrackMonocular(cv::Mat const&, double const&) (System.cc:283)
==374==    by 0x142479: ImageGrabber::GrabImage(boost::shared_ptr<sensor_msgs::Image_<std::allocator<void> > const> const&) (ros_mono.cc:132)
==374==    by 0x17D061: operator() (function_template.hpp:763)
==374==    by 0x17D061: boost::detail::function::void_function_obj_invoker1<boost::function<void (boost::shared_ptr<sensor_msgs::Image_<std::allocator<void> > const> const&)>, void, boost::shared_ptr<sensor_msgs::Image_<std::allocator<void> > const> >::invoke(boost::detail::function::function_buffer&, boost::shared_ptr<sensor_msgs::Image_<std::allocator<void> > const>) (function_template.hpp:158)
==374==    by 0x19595C: operator() (function_template.hpp:763)
==374==    by 0x19595C: ros::SubscriptionCallbackHelperT<boost::shared_ptr<sensor_msgs::Image_<std::allocator<void> > const> const&, void>::call(ros::SubscriptionCallbackHelperCallParams&) (subscription_callback_helper.h:144)
==374==    by 0x49A7548: ros::SubscriptionQueue::call() (in /opt/ros/noetic/lib/libroscpp.so)
==374==    by 0x4955301: ros::CallbackQueue::callOneCB(ros::CallbackQueue::TLS*) (in /opt/ros/noetic/lib/libroscpp.so)
==374==    by 0x4956D72: ros::CallbackQueue::callAvailable(ros::WallDuration) (in /opt/ros/noetic/lib/libroscpp.so)
==374==    by 0x49AA43E: ros::SingleThreadedSpinner::spin(ros::CallbackQueue*) (in /opt/ros/noetic/lib/libroscpp.so)
==374==    by 0x499260E: ros::spin() (in /opt/ros/noetic/lib/libroscpp.so)
==374==    by 0x13C22D: main (ros_mono.cc:101)
==374==  Uninitialised value was created by a heap allocation
==374==    at 0x483CFA3: operator new(unsigned long) (vg_replace_malloc.c:472)
==374==    by 0x4DCD249: ORB_SLAM2::Tracking::CreateNewKeyFrame() (Tracking.cc:1097)
==374==    by 0x4DCF747: ORB_SLAM2::Tracking::Track() (Tracking.cc:487)
==374==    by 0x4DD06DC: ORB_SLAM2::Tracking::GrabImageMonocular(cv::Mat const&, double const&) (Tracking.cc:284)
==374==    by 0x4DB8881: ORB_SLAM2::System::TrackMonocular(cv::Mat const&, double const&) (System.cc:283)
==374==    by 0x142479: ImageGrabber::GrabImage(boost::shared_ptr<sensor_msgs::Image_<std::allocator<void> > const> const&) (ros_mono.cc:132)
==374==    by 0x17D061: operator() (function_template.hpp:763)
==374==    by 0x17D061: boost::detail::function::void_function_obj_invoker1<boost::function<void (boost::shared_ptr<sensor_msgs::Image_<std::allocator<void> > const> const&)>, void, boost::shared_ptr<sensor_msgs::Image_<std::allocator<void> > const> >::invoke(boost::detail::function::function_buffer&, boost::shared_ptr<sensor_msgs::Image_<std::allocator<void> > const>) (function_template.hpp:158)
==374==    by 0x19595C: operator() (function_template.hpp:763)
==374==    by 0x19595C: ros::SubscriptionCallbackHelperT<boost::shared_ptr<sensor_msgs::Image_<std::allocator<void> > const> const&, void>::call(ros::SubscriptionCallbackHelperCallParams&) (subscription_callback_helper.h:144)
==374==    by 0x49A7548: ros::SubscriptionQueue::call() (in /opt/ros/noetic/lib/libroscpp.so)
==374==    by 0x4955301: ros::CallbackQueue::callOneCB(ros::CallbackQueue::TLS*) (in /opt/ros/noetic/lib/libroscpp.so)
==374==    by 0x4956D72: ros::CallbackQueue::callAvailable(ros::WallDuration) (in /opt/ros/noetic/lib/libroscpp.so)
==374==    by 0x49AA43E: ros::SingleThreadedSpinner::spin(ros::CallbackQueue*) (in /opt/ros/noetic/lib/libroscpp.so)
==374==    by 0x499260E: ros::spin() (in /opt/ros/noetic/lib/libroscpp.so)
==374==    by 0x13C22D: main (ros_mono.cc:101)
==374== 
==374== Conditional jump or move depends on uninitialised value(s)
==374==    at 0x4E85290: _M_lower_bound (stl_tree.h:1950)
==374==    by 0x4E85290: find (stl_tree.h:2575)
==374==    by 0x4E85290: count (stl_set.h:749)
==374==    by 0x4E85290: ORB_SLAM2::KeyFrameDatabase::DetectRelocalizationCandidates(ORB_SLAM2::Frame*) (KeyFrameDatabase.cc:300)
==374==    by 0x4DCC567: ORB_SLAM2::Tracking::Relocalization() (Tracking.cc:1377)
==374==    by 0x4DCE529: ORB_SLAM2::Tracking::Track() (Tracking.cc:358)
==374==    by 0x4DD06DC: ORB_SLAM2::Tracking::GrabImageMonocular(cv::Mat const&, double const&) (Tracking.cc:284)
==374==    by 0x4DB8881: ORB_SLAM2::System::TrackMonocular(cv::Mat const&, double const&) (System.cc:283)
==374==    by 0x142479: ImageGrabber::GrabImage(boost::shared_ptr<sensor_msgs::Image_<std::allocator<void> > const> const&) (ros_mono.cc:132)
==374==    by 0x17D061: operator() (function_template.hpp:763)
==374==    by 0x17D061: boost::detail::function::void_function_obj_invoker1<boost::function<void (boost::shared_ptr<sensor_msgs::Image_<std::allocator<void> > const> const&)>, void, boost::shared_ptr<sensor_msgs::Image_<std::allocator<void> > const> >::invoke(boost::detail::function::function_buffer&, boost::shared_ptr<sensor_msgs::Image_<std::allocator<void> > const>) (function_template.hpp:158)
==374==    by 0x19595C: operator() (function_template.hpp:763)
==374==    by 0x19595C: ros::SubscriptionCallbackHelperT<boost::shared_ptr<sensor_msgs::Image_<std::allocator<void> > const> const&, void>::call(ros::SubscriptionCallbackHelperCallParams&) (subscription_callback_helper.h:144)
==374==    by 0x49A7548: ros::SubscriptionQueue::call() (in /opt/ros/noetic/lib/libroscpp.so)
==374==    by 0x4955301: ros::CallbackQueue::callOneCB(ros::CallbackQueue::TLS*) (in /opt/ros/noetic/lib/libroscpp.so)
==374==    by 0x4956D72: ros::CallbackQueue::callAvailable(ros::WallDuration) (in /opt/ros/noetic/lib/libroscpp.so)
==374==    by 0x49AA43E: ros::SingleThreadedSpinner::spin(ros::CallbackQueue*) (in /opt/ros/noetic/lib/libroscpp.so)
==374==    by 0x499260E: ros::spin() (in /opt/ros/noetic/lib/libroscpp.so)
==374==    by 0x13C22D: main (ros_mono.cc:101)
==374==  Uninitialised value was created by a heap allocation
==374==    at 0x483CFA3: operator new(unsigned long) (vg_replace_malloc.c:472)
==374==    by 0x4DCD249: ORB_SLAM2::Tracking::CreateNewKeyFrame() (Tracking.cc:1097)
==374==    by 0x4DCF747: ORB_SLAM2::Tracking::Track() (Tracking.cc:487)
==374==    by 0x4DD06DC: ORB_SLAM2::Tracking::GrabImageMonocular(cv::Mat const&, double const&) (Tracking.cc:284)
==374==    by 0x4DB8881: ORB_SLAM2::System::TrackMonocular(cv::Mat const&, double const&) (System.cc:283)
==374==    by 0x142479: ImageGrabber::GrabImage(boost::shared_ptr<sensor_msgs::Image_<std::allocator<void> > const> const&) (ros_mono.cc:132)
==374==    by 0x17D061: operator() (function_template.hpp:763)
==374==    by 0x17D061: boost::detail::function::void_function_obj_invoker1<boost::function<void (boost::shared_ptr<sensor_msgs::Image_<std::allocator<void> > const> const&)>, void, boost::shared_ptr<sensor_msgs::Image_<std::allocator<void> > const> >::invoke(boost::detail::function::function_buffer&, boost::shared_ptr<sensor_msgs::Image_<std::allocator<void> > const>) (function_template.hpp:158)
==374==    by 0x19595C: operator() (function_template.hpp:763)
==374==    by 0x19595C: ros::SubscriptionCallbackHelperT<boost::shared_ptr<sensor_msgs::Image_<std::allocator<void> > const> const&, void>::call(ros::SubscriptionCallbackHelperCallParams&) (subscription_callback_helper.h:144)
==374==    by 0x49A7548: ros::SubscriptionQueue::call() (in /opt/ros/noetic/lib/libroscpp.so)
==374==    by 0x4955301: ros::CallbackQueue::callOneCB(ros::CallbackQueue::TLS*) (in /opt/ros/noetic/lib/libroscpp.so)
==374==    by 0x4956D72: ros::CallbackQueue::callAvailable(ros::WallDuration) (in /opt/ros/noetic/lib/libroscpp.so)
==374==    by 0x49AA43E: ros::SingleThreadedSpinner::spin(ros::CallbackQueue*) (in /opt/ros/noetic/lib/libroscpp.so)
==374==    by 0x499260E: ros::spin() (in /opt/ros/noetic/lib/libroscpp.so)
==374==    by 0x13C22D: main (ros_mono.cc:101)
==374== 
==374== Conditional jump or move depends on uninitialised value(s)
==374==    at 0x4E852A4: find (stl_tree.h:2577)
==374==    by 0x4E852A4: count (stl_set.h:749)
==374==    by 0x4E852A4: ORB_SLAM2::KeyFrameDatabase::DetectRelocalizationCandidates(ORB_SLAM2::Frame*) (KeyFrameDatabase.cc:300)
==374==    by 0x4DCC567: ORB_SLAM2::Tracking::Relocalization() (Tracking.cc:1377)
==374==    by 0x4DCE529: ORB_SLAM2::Tracking::Track() (Tracking.cc:358)
==374==    by 0x4DD06DC: ORB_SLAM2::Tracking::GrabImageMonocular(cv::Mat const&, double const&) (Tracking.cc:284)
==374==    by 0x4DB8881: ORB_SLAM2::System::TrackMonocular(cv::Mat const&, double const&) (System.cc:283)
==374==    by 0x142479: ImageGrabber::GrabImage(boost::shared_ptr<sensor_msgs::Image_<std::allocator<void> > const> const&) (ros_mono.cc:132)
==374==    by 0x17D061: operator() (function_template.hpp:763)
==374==    by 0x17D061: boost::detail::function::void_function_obj_invoker1<boost::function<void (boost::shared_ptr<sensor_msgs::Image_<std::allocator<void> > const> const&)>, void, boost::shared_ptr<sensor_msgs::Image_<std::allocator<void> > const> >::invoke(boost::detail::function::function_buffer&, boost::shared_ptr<sensor_msgs::Image_<std::allocator<void> > const>) (function_template.hpp:158)
==374==    by 0x19595C: operator() (function_template.hpp:763)
==374==    by 0x19595C: ros::SubscriptionCallbackHelperT<boost::shared_ptr<sensor_msgs::Image_<std::allocator<void> > const> const&, void>::call(ros::SubscriptionCallbackHelperCallParams&) (subscription_callback_helper.h:144)
==374==    by 0x49A7548: ros::SubscriptionQueue::call() (in /opt/ros/noetic/lib/libroscpp.so)
==374==    by 0x4955301: ros::CallbackQueue::callOneCB(ros::CallbackQueue::TLS*) (in /opt/ros/noetic/lib/libroscpp.so)
==374==    by 0x4956D72: ros::CallbackQueue::callAvailable(ros::WallDuration) (in /opt/ros/noetic/lib/libroscpp.so)
==374==    by 0x49AA43E: ros::SingleThreadedSpinner::spin(ros::CallbackQueue*) (in /opt/ros/noetic/lib/libroscpp.so)
==374==    by 0x499260E: ros::spin() (in /opt/ros/noetic/lib/libroscpp.so)
==374==    by 0x13C22D: main (ros_mono.cc:101)
==374==  Uninitialised value was created by a heap allocation
==374==    at 0x483CFA3: operator new(unsigned long) (vg_replace_malloc.c:472)
==374==    by 0x4DCD249: ORB_SLAM2::Tracking::CreateNewKeyFrame() (Tracking.cc:1097)
==374==    by 0x4DCF747: ORB_SLAM2::Tracking::Track() (Tracking.cc:487)
==374==    by 0x4DD06DC: ORB_SLAM2::Tracking::GrabImageMonocular(cv::Mat const&, double const&) (Tracking.cc:284)
==374==    by 0x4DB8881: ORB_SLAM2::System::TrackMonocular(cv::Mat const&, double const&) (System.cc:283)
==374==    by 0x142479: ImageGrabber::GrabImage(boost::shared_ptr<sensor_msgs::Image_<std::allocator<void> > const> const&) (ros_mono.cc:132)
==374==    by 0x17D061: operator() (function_template.hpp:763)
==374==    by 0x17D061: boost::detail::function::void_function_obj_invoker1<boost::function<void (boost::shared_ptr<sensor_msgs::Image_<std::allocator<void> > const> const&)>, void, boost::shared_ptr<sensor_msgs::Image_<std::allocator<void> > const> >::invoke(boost::detail::function::function_buffer&, boost::shared_ptr<sensor_msgs::Image_<std::allocator<void> > const>) (function_template.hpp:158)
==374==    by 0x19595C: operator() (function_template.hpp:763)
==374==    by 0x19595C: ros::SubscriptionCallbackHelperT<boost::shared_ptr<sensor_msgs::Image_<std::allocator<void> > const> const&, void>::call(ros::SubscriptionCallbackHelperCallParams&) (subscription_callback_helper.h:144)
==374==    by 0x49A7548: ros::SubscriptionQueue::call() (in /opt/ros/noetic/lib/libroscpp.so)
==374==    by 0x4955301: ros::CallbackQueue::callOneCB(ros::CallbackQueue::TLS*) (in /opt/ros/noetic/lib/libroscpp.so)
==374==    by 0x4956D72: ros::CallbackQueue::callAvailable(ros::WallDuration) (in /opt/ros/noetic/lib/libroscpp.so)
==374==    by 0x49AA43E: ros::SingleThreadedSpinner::spin(ros::CallbackQueue*) (in /opt/ros/noetic/lib/libroscpp.so)
==374==    by 0x499260E: ros::spin() (in /opt/ros/noetic/lib/libroscpp.so)
==374==    by 0x13C22D: main (ros_mono.cc:101)
==374== 
==374== Use of uninitialised value of size 8
==374==    at 0x4DC35B7: DBoW2::TemplatedVocabulary<cv::Mat, DBoW2::FORB>::transform(cv::Mat const&, unsigned int&, double&, unsigned int*, int) const (TemplatedVocabulary.h:1267)
==374==    by 0x4DC6A28: DBoW2::TemplatedVocabulary<cv::Mat, DBoW2::FORB>::transform(std::vector<cv::Mat, std::allocator<cv::Mat> > const&, DBoW2::BowVector&, DBoW2::FeatureVector&, int) const (TemplatedVocabulary.h:1168)
==374==    by 0x4E7D03D: ORB_SLAM2::Frame::ComputeBoW() (Frame.cc:400)
==374==    by 0x4DCC550: ORB_SLAM2::Tracking::Relocalization() (Tracking.cc:1373)
==374==    by 0x4DCE529: ORB_SLAM2::Tracking::Track() (Tracking.cc:358)
==374==    by 0x4DD06DC: ORB_SLAM2::Tracking::GrabImageMonocular(cv::Mat const&, double const&) (Tracking.cc:284)
==374==    by 0x4DB8881: ORB_SLAM2::System::TrackMonocular(cv::Mat const&, double const&) (System.cc:283)
==374==    by 0x142479: ImageGrabber::GrabImage(boost::shared_ptr<sensor_msgs::Image_<std::allocator<void> > const> const&) (ros_mono.cc:132)
==374==    by 0x17D061: operator() (function_template.hpp:763)
==374==    by 0x17D061: boost::detail::function::void_function_obj_invoker1<boost::function<void (boost::shared_ptr<sensor_msgs::Image_<std::allocator<void> > const> const&)>, void, boost::shared_ptr<sensor_msgs::Image_<std::allocator<void> > const> >::invoke(boost::detail::function::function_buffer&, boost::shared_ptr<sensor_msgs::Image_<std::allocator<void> > const>) (function_template.hpp:158)
==374==    by 0x19595C: operator() (function_template.hpp:763)
==374==    by 0x19595C: ros::SubscriptionCallbackHelperT<boost::shared_ptr<sensor_msgs::Image_<std::allocator<void> > const> const&, void>::call(ros::SubscriptionCallbackHelperCallParams&) (subscription_callback_helper.h:144)
==374==    by 0x49A7548: ros::SubscriptionQueue::call() (in /opt/ros/noetic/lib/libroscpp.so)
==374==    by 0x4955301: ros::CallbackQueue::callOneCB(ros::CallbackQueue::TLS*) (in /opt/ros/noetic/lib/libroscpp.so)
==374==    by 0x4956D72: ros::CallbackQueue::callAvailable(ros::WallDuration) (in /opt/ros/noetic/lib/libroscpp.so)
==374==    by 0x49AA43E: ros::SingleThreadedSpinner::spin(ros::CallbackQueue*) (in /opt/ros/noetic/lib/libroscpp.so)
==374==    by 0x499260E: ros::spin() (in /opt/ros/noetic/lib/libroscpp.so)
==374==    by 0x13C22D: main (ros_mono.cc:101)
==374==  Uninitialised value was created by a heap allocation
==374==    at 0x483C815: malloc (vg_replace_malloc.c:431)
==374==    by 0x529C2A8: cv::fastMalloc(unsigned long) (in /usr/lib/x86_64-linux-gnu/libopencv_core.so.4.2.0)
==374==    by 0x53A7330: cv::Mat::create(int, int const*, int) (in /usr/lib/x86_64-linux-gnu/libopencv_core.so.4.2.0)
==374==    by 0x859AFD3: create (mat.inl.hpp:831)
==374==    by 0x859AFD3: DBoW2::FORB::fromString(cv::Mat&, std::__cxx11::basic_string<char, std::char_traits<char>, std::allocator<char> > const&) (FORB.cpp:122)
==374==    by 0x4DC2ADF: DBoW2::TemplatedVocabulary<cv::Mat, DBoW2::FORB>::loadFromTextFile(std::__cxx11::basic_string<char, std::char_traits<char>, std::allocator<char> > const&) (TemplatedVocabulary.h:1417)
==374==    by 0x4DBBA81: ORB_SLAM2::System::System(std::__cxx11::basic_string<char, std::char_traits<char>, std::allocator<char> > const&, std::__cxx11::basic_string<char, std::char_traits<char>, std::allocator<char> > const&, ORB_SLAM2::System::eSensor, bool) (System.cc:71)
==374==    by 0x13C004: main (ros_mono.cc:90)
==374== 
==374== Use of uninitialised value of size 8
==374==    at 0x4DC35C5: DBoW2::TemplatedVocabulary<cv::Mat, DBoW2::FORB>::transform(cv::Mat const&, unsigned int&, double&, unsigned int*, int) const (TemplatedVocabulary.h:1267)
==374==    by 0x4DC6A28: DBoW2::TemplatedVocabulary<cv::Mat, DBoW2::FORB>::transform(std::vector<cv::Mat, std::allocator<cv::Mat> > const&, DBoW2::BowVector&, DBoW2::FeatureVector&, int) const (TemplatedVocabulary.h:1168)
==374==    by 0x4E7D03D: ORB_SLAM2::Frame::ComputeBoW() (Frame.cc:400)
==374==    by 0x4DCC550: ORB_SLAM2::Tracking::Relocalization() (Tracking.cc:1373)
==374==    by 0x4DCE529: ORB_SLAM2::Tracking::Track() (Tracking.cc:358)
==374==    by 0x4DD06DC: ORB_SLAM2::Tracking::GrabImageMonocular(cv::Mat const&, double const&) (Tracking.cc:284)
==374==    by 0x4DB8881: ORB_SLAM2::System::TrackMonocular(cv::Mat const&, double const&) (System.cc:283)
==374==    by 0x142479: ImageGrabber::GrabImage(boost::shared_ptr<sensor_msgs::Image_<std::allocator<void> > const> const&) (ros_mono.cc:132)
==374==    by 0x17D061: operator() (function_template.hpp:763)
==374==    by 0x17D061: boost::detail::function::void_function_obj_invoker1<boost::function<void (boost::shared_ptr<sensor_msgs::Image_<std::allocator<void> > const> const&)>, void, boost::shared_ptr<sensor_msgs::Image_<std::allocator<void> > const> >::invoke(boost::detail::function::function_buffer&, boost::shared_ptr<sensor_msgs::Image_<std::allocator<void> > const>) (function_template.hpp:158)
==374==    by 0x19595C: operator() (function_template.hpp:763)
==374==    by 0x19595C: ros::SubscriptionCallbackHelperT<boost::shared_ptr<sensor_msgs::Image_<std::allocator<void> > const> const&, void>::call(ros::SubscriptionCallbackHelperCallParams&) (subscription_callback_helper.h:144)
==374==    by 0x49A7548: ros::SubscriptionQueue::call() (in /opt/ros/noetic/lib/libroscpp.so)
==374==    by 0x4955301: ros::CallbackQueue::callOneCB(ros::CallbackQueue::TLS*) (in /opt/ros/noetic/lib/libroscpp.so)
==374==    by 0x4956D72: ros::CallbackQueue::callAvailable(ros::WallDuration) (in /opt/ros/noetic/lib/libroscpp.so)
==374==    by 0x49AA43E: ros::SingleThreadedSpinner::spin(ros::CallbackQueue*) (in /opt/ros/noetic/lib/libroscpp.so)
==374==    by 0x499260E: ros::spin() (in /opt/ros/noetic/lib/libroscpp.so)
==374==    by 0x13C22D: main (ros_mono.cc:101)
==374==  Uninitialised value was created by a heap allocation
==374==    at 0x483C815: malloc (vg_replace_malloc.c:431)
==374==    by 0x529C2A8: cv::fastMalloc(unsigned long) (in /usr/lib/x86_64-linux-gnu/libopencv_core.so.4.2.0)
==374==    by 0x53A7330: cv::Mat::create(int, int const*, int) (in /usr/lib/x86_64-linux-gnu/libopencv_core.so.4.2.0)
==374==    by 0x859AFD3: create (mat.inl.hpp:831)
==374==    by 0x859AFD3: DBoW2::FORB::fromString(cv::Mat&, std::__cxx11::basic_string<char, std::char_traits<char>, std::allocator<char> > const&) (FORB.cpp:122)
==374==    by 0x4DC2ADF: DBoW2::TemplatedVocabulary<cv::Mat, DBoW2::FORB>::loadFromTextFile(std::__cxx11::basic_string<char, std::char_traits<char>, std::allocator<char> > const&) (TemplatedVocabulary.h:1417)
==374==    by 0x4DBBA81: ORB_SLAM2::System::System(std::__cxx11::basic_string<char, std::char_traits<char>, std::allocator<char> > const&, std::__cxx11::basic_string<char, std::char_traits<char>, std::allocator<char> > const&, ORB_SLAM2::System::eSensor, bool) (System.cc:71)
==374==    by 0x13C004: main (ros_mono.cc:90)
==374== 
